index:ID,name,code,:LABEL
100001,平安银行,000001,上市公司
100002,万科A,000002,上市公司
100003,国农科技,000004,上市公司
100004,世纪星源,000005,上市公司
100005,深振业A,000006,上市公司
100006,全新好,000007,上市公司
100007,神州高铁,000008,上市公司
100008,中国宝安,000009,上市公司
100009,美丽生态,000010,上市公司
100010,深物业A,000011,上市公司
100011,南玻A,000012,上市公司
100012,沙河股份,000014,上市公司
100013,深康佳A,000016,上市公司
100014,深中华A,000017,上市公司
100015,神州长城,000018,上市公司
100016,深深宝A,000019,上市公司
100017,深华发A,000020,上市公司
100018,深科技,000021,上市公司
100019,深赤湾A,000022,上市公司
100020,深天地A,000023,上市公司
100021,特力A,000025,上市公司
100022,飞亚达A,000026,上市公司
100023,深圳能源,000027,上市公司
100024,国药一致,000028,上市公司
100025,深深房A,000029,上市公司
100026,富奥股份,000030,上市公司
100027,中粮地产,000031,上市公司
100028,深桑达A,000032,上市公司
100029,神州数码,000034,上市公司
100030,中国天楹,000035,上市公司
100031,华联控股,000036,上市公司
100032,深南电A,000037,上市公司
100033,深大通,000038,上市公司
100034,中集集团,000039,上市公司
100035,东旭蓝天,000040,上市公司
100036,中洲控股,000042,上市公司
100037,中航地产,000043,上市公司
100038,深纺织A,000045,上市公司
100039,泛海控股,000046,上市公司
100040,德赛电池,000049,上市公司
100041,深天马A,000050,上市公司
100042,方大集团,000055,上市公司
100043,皇庭国际,000056,上市公司
100044,深赛格,000058,上市公司
100045,华锦股份,000059,上市公司
100046,中金岭南,000060,上市公司
100047,农产品,000061,上市公司
100048,深圳华强,000062,上市公司
100049,中兴通讯,000063,上市公司
100050,北方国际,000065,上市公司
100051,中国长城,000066,上市公司
100052,华控赛格,000068,上市公司
100053,华侨城A,000069,上市公司
100054,特发信息,000070,上市公司
100055,海王生物,000078,上市公司
100056,盐田港,000088,上市公司
100057,深圳机场,000089,上市公司
100058,天健集团,000090,上市公司
100059,广聚能源,000096,上市公司
100060,中信海直,000099,上市公司
100061,TCL集团,000100,上市公司
100062,宜华健康,000150,上市公司
100063,中成股份,000151,上市公司
100064,丰原药业,000153,上市公司
100065,川化股份,000155,上市公司
100066,华数传媒,000156,上市公司
100067,中联重科,000157,上市公司
100068,常山北明,000158,上市公司
100069,国际实业,000159,上市公司
100070,申万宏源,000166,上市公司
100071,东方市场,000301,上市公司
100072,美的集团,000333,上市公司
100073,潍柴动力,000338,上市公司
100074,许继电气,000400,上市公司
100075,冀东水泥,000401,上市公司
100076,金融街,000402,上市公司
100077,ST生化,000403,上市公司
100078,华意压缩,000404,上市公司
100079,胜利股份,000407,上市公司
100080,藏格控股,000408,上市公司
100081,沈阳机床,000410,上市公司
100082,英特集团,000411,上市公司
100083,东旭光电,000413,上市公司
100084,渤海金控,000415,上市公司
100085,民生控股,000416,上市公司
100086,合肥百货,000417,上市公司
100087,小天鹅A,000418,上市公司
100088,通程控股,000419,上市公司
100089,吉林化纤,000420,上市公司
100090,南京公用,000421,上市公司
100091,*ST宜化,000422,上市公司
100092,东阿阿胶,000423,上市公司
100093,徐工机械,000425,上市公司
100094,兴业矿业,000426,上市公司
100095,华天酒店,000428,上市公司
100096,粤高速A,000429,上市公司
100097,张家界,000430,上市公司
100098,晨鸣纸业,000488,上市公司
100099,山东路桥,000498,上市公司
100100,鄂武商A,000501,上市公司
100101,绿景控股,000502,上市公司
100102,海虹控股,000503,上市公司
100103,南华生物,000504,上市公司
100104,京粮控股,000505,上市公司
100105,中润资源,000506,上市公司
100106,珠海港,000507,上市公司
100107,华塑控股,000509,上市公司
100108,金路集团,000510,上市公司
100109,*ST烯碳,000511,上市公司
100110,丽珠集团,000513,上市公司
100111,渝开发,000514,上市公司
100112,国际医学,000516,上市公司
100113,荣安地产,000517,上市公司
100114,四环生物,000518,上市公司
100115,中兵红箭,000519,上市公司
100116,长航凤凰,000520,上市公司
100117,美菱电器,000521,上市公司
100118,广州浪奇,000523,上市公司
100119,岭南控股,000524,上市公司
100120,红太阳,000525,上市公司
100121,*ST紫学,000526,上市公司
100122,柳工,000528,上市公司
100123,广弘控股,000529,上市公司
100124,大冷股份,000530,上市公司
100125,穗恒运A,000531,上市公司
100126,华金资本,000532,上市公司
100127,万家乐,000533,上市公司
100128,万泽股份,000534,上市公司
100129,华映科技,000536,上市公司
100130,广宇发展,000537,上市公司
100131,云南白药,000538,上市公司
100132,粤电力A,000539,上市公司
100133,中天金融,000540,上市公司
100134,佛山照明,000541,上市公司
100135,皖能电力,000543,上市公司
100136,中原环保,000544,上市公司
100137,金浦钛业,000545,上市公司
100138,金圆股份,000546,上市公司
100139,航天发展,000547,上市公司
100140,湖南投资,000548,上市公司
100141,江铃汽车,000550,上市公司
100142,创元科技,000551,上市公司
100143,靖远煤电,000552,上市公司
100144,沙隆达A,000553,上市公司
100145,泰山石油,000554,上市公司
100146,神州信息,000555,上市公司
100147,西部创业,000557,上市公司
100148,莱茵体育,000558,上市公司
100149,万向钱潮,000559,上市公司
100150,我爱我家,000560,上市公司
100151,烽火电子,000561,上市公司
100152,陕国投A,000563,上市公司
100153,供销大集,000564,上市公司
100154,渝三峡A,000565,上市公司
100155,海南海药,000566,上市公司
100156,泸州老窖,000568,上市公司
100157,苏常柴A,000570,上市公司
100158,新大洲A,000571,上市公司
100159,海马汽车,000572,上市公司
100160,粤宏远A,000573,上市公司
100161,广东甘化,000576,上市公司
100162,威孚高科,000581,上市公司
100163,北部湾港,000582,上市公司
100164,哈工智能,000584,上市公司
100165,*ST东电,000585,上市公司
100166,汇源通信,000586,上市公司
100167,金洲慈航,000587,上市公司
100168,黔轮胎A,000589,上市公司
100169,启迪古汉,000590,上市公司
100170,太阳能,000591,上市公司
100171,平潭发展,000592,上市公司
100172,大通燃气,000593,上市公司
100173,*ST宝实,000595,上市公司
100174,古井贡酒,000596,上市公司
100175,东北制药,000597,上市公司
100176,兴蓉环境,000598,上市公司
100177,青岛双星,000599,上市公司
100178,建投能源,000600,上市公司
100179,韶能股份,000601,上市公司
100180,盛达矿业,000603,上市公司
100181,渤海股份,000605,上市公司
100182,神州易桥,000606,上市公司
100183,华媒控股,000607,上市公司
100184,阳光股份,000608,上市公司
100185,中迪投资,000609,上市公司
100186,西安旅游,000610,上市公司
100187,天首发展,000611,上市公司
100188,焦作万方,000612,上市公司
100189,大东海A,000613,上市公司
100190,京汉股份,000615,上市公司
100191,海航投资,000616,上市公司
100192,中油资本,000617,上市公司
100193,海螺型材,000619,上市公司
100194,新华联,000620,上市公司
100195,恒立实业,000622,上市公司
100196,吉林敖东,000623,上市公司
100197,长安汽车,000625,上市公司
100198,远大控股,000626,上市公司
100199,天茂集团,000627,上市公司
100200,高新发展,000628,上市公司
100201,*ST钒钛,000629,上市公司
100202,铜陵有色,000630,上市公司
100203,顺发恒业,000631,上市公司
100204,三木集团,000632,上市公司
100205,合金投资,000633,上市公司
100206,英力特,000635,上市公司
100207,风华高科,000636,上市公司
100208,茂化实华,000637,上市公司
100209,万方发展,000638,上市公司
100210,西王食品,000639,上市公司
100211,仁和药业,000650,上市公司
100212,格力电器,000651,上市公司
100213,泰达股份,000652,上市公司
100214,*ST金岭,000655,上市公司
100215,金科股份,000656,上市公司
100216,中钨高新,000657,上市公司
100217,珠海中富,000659,上市公司
100218,长春高新,000661,上市公司
100219,天夏智慧,000662,上市公司
100220,永安林业,000663,上市公司
100221,湖北广电,000665,上市公司
100222,经纬纺机,000666,上市公司
100223,美好置业,000667,上市公司
100224,荣丰控股,000668,上市公司
100225,金鸿控股,000669,上市公司
100226,盈方微,000670,上市公司
100227,阳光城,000671,上市公司
100228,上峰水泥,000672,上市公司
100229,当代东方,000673,上市公司
100230,智度股份,000676,上市公司
100231,恒天海龙,000677,上市公司
100232,襄阳轴承,000678,上市公司
100233,大连友谊,000679,上市公司
100234,山推股份,000680,上市公司
100235,视觉中国,000681,上市公司
100236,东方电子,000682,上市公司
100237,远兴能源,000683,上市公司
100238,中山公用,000685,上市公司
100239,东北证券,000686,上市公司
100240,华讯方舟,000687,上市公司
100241,建新矿业,000688,上市公司
100242,宝新能源,000690,上市公司
100243,亚太实业,000691,上市公司
100244,惠天热电,000692,上市公司
100245,滨海能源,000695,上市公司
100246,炼石有色,000697,上市公司
100247,沈阳化工,000698,上市公司
100248,模塑科技,000700,上市公司
100249,厦门信达,000701,上市公司
100250,正虹科技,000702,上市公司
100251,恒逸石化,000703,上市公司
100252,浙江震元,000705,上市公司
100253,*ST双环,000707,上市公司
100254,大冶特钢,000708,上市公司
100255,河钢股份,000709,上市公司
100256,贝瑞基因,000710,上市公司
100257,京蓝科技,000711,上市公司
100258,锦龙股份,000712,上市公司
100259,丰乐种业,000713,上市公司
100260,中兴商业,000715,上市公司
100261,黑芝麻,000716,上市公司
100262,韶钢松山,000717,上市公司
100263,苏宁环球,000718,上市公司
100264,中原传媒,000719,上市公司
100265,*ST新能,000720,上市公司
100266,西安饮食,000721,上市公司
100267,湖南发展,000722,上市公司
100268,美锦能源,000723,上市公司
100269,京东方A,000725,上市公司
100270,鲁泰A,000726,上市公司
100271,华东科技,000727,上市公司
100272,国元证券,000728,上市公司
100273,燕京啤酒,000729,上市公司
100274,四川美丰,000731,上市公司
100275,泰禾集团,000732,上市公司
100276,振华科技,000733,上市公司
100277,罗牛山,000735,上市公司
100278,中交地产,000736,上市公司
100279,南风化工,000737,上市公司
100280,航发控制,000738,上市公司
100281,普洛药业,000739,上市公司
100282,国海证券,000750,上市公司
100283,锌业股份,000751,上市公司
100284,西藏发展,000752,上市公司
100285,漳州发展,000753,上市公司
100286,*ST三维,000755,上市公司
100287,新华制药,000756,上市公司
100288,浩物股份,000757,上市公司
100289,中色股份,000758,上市公司
100290,中百集团,000759,上市公司
100291,斯太尔,000760,上市公司
100292,本钢板材,000761,上市公司
100293,西藏矿业,000762,上市公司
100294,通化金马,000766,上市公司
100295,漳泽电力,000767,上市公司
100296,中航飞机,000768,上市公司
100297,广发证券,000776,上市公司
100298,中核科技,000777,上市公司
100299,新兴铸管,000778,上市公司
100300,三毛派神,000779,上市公司
100301,*ST平能,000780,上市公司
100302,美达股份,000782,上市公司
100303,长江证券,000783,上市公司
100304,武汉中商,000785,上市公司
100305,北新建材,000786,上市公司
100306,北大医药,000788,上市公司
100307,万年青,000789,上市公司
100308,泰合健康,000790,上市公司
100309,甘肃电投,000791,上市公司
100310,盐湖股份,000792,上市公司
100311,华闻传媒,000793,上市公司
100312,英洛华,000795,上市公司
100313,凯撒旅游,000796,上市公司
100314,中国武夷,000797,上市公司
100315,中水渔业,000798,上市公司
100316,酒鬼酒,000799,上市公司
100317,一汽轿车,000800,上市公司
100318,四川九洲,000801,上市公司
100319,北京文化,000802,上市公司
100320,*ST金宇,000803,上市公司
100321,银河生物,000806,上市公司
100322,云铝股份,000807,上市公司
100323,*ST新城,000809,上市公司
100324,创维数字,000810,上市公司
100325,冰轮环境,000811,上市公司
100326,陕西金叶,000812,上市公司
100327,德展健康,000813,上市公司
100328,美利云,000815,上市公司
100329,*ST慧业,000816,上市公司
100330,航锦科技,000818,上市公司
100331,岳阳兴长,000819,上市公司
100332,金城股份,000820,上市公司
100333,京山轻机,000821,上市公司
100334,山东海化,000822,上市公司
100335,超声电子,000823,上市公司
100336,太钢不锈,000825,上市公司
100337,启迪桑德,000826,上市公司
100338,东莞控股,000828,上市公司
100339,天音控股,000829,上市公司
100340,鲁西化工,000830,上市公司
100341,五矿稀土,000831,上市公司
100342,贵糖股份,000833,上市公司
100343,长城动漫,000835,上市公司
100344,鑫茂科技,000836,上市公司
100345,秦川机床,000837,上市公司
100346,财信发展,000838,上市公司
100347,中信国安,000839,上市公司
100348,承德露露,000848,上市公司
100349,华茂股份,000850,上市公司
100350,高鸿股份,000851,上市公司
100351,石化机械,000852,上市公司
100352,冀东装备,000856,上市公司
100353,五粮液,000858,上市公司
100354,国风塑业,000859,上市公司
100355,顺鑫农业,000860,上市公司
100356,海印股份,000861,上市公司
100357,银星能源,000862,上市公司
100358,三湘印象,000863,上市公司
100359,安凯客车,000868,上市公司
100360,张裕A,000869,上市公司
100361,吉电股份,000875,上市公司
100362,新希望,000876,上市公司
100363,天山股份,000877,上市公司
100364,云南铜业,000878,上市公司
100365,潍柴重机,000880,上市公司
100366,中广核技,000881,上市公司
100367,华联股份,000882,上市公司
100368,湖北能源,000883,上市公司
100369,同力水泥,000885,上市公司
100370,海南高速,000886,上市公司
100371,中鼎股份,000887,上市公司
100372,峨眉山A,000888,上市公司
100373,茂业通信,000889,上市公司
100374,法尔胜,000890,上市公司
100375,欢瑞世纪,000892,上市公司
100376,*ST东凌,000893,上市公司
100377,双汇发展,000895,上市公司
100378,津滨发展,000897,上市公司
100379,鞍钢股份,000898,上市公司
100380,赣能股份,000899,上市公司
100381,现代投资,000900,上市公司
100382,航天科技,000901,上市公司
100383,新洋丰,000902,上市公司
100384,云内动力,000903,上市公司
100385,厦门港务,000905,上市公司
100386,浙商中拓,000906,上市公司
100387,景峰医药,000908,上市公司
100388,数源科技,000909,上市公司
100389,大亚圣象,000910,上市公司
100390,南宁糖业,000911,上市公司
100391,*ST天化,000912,上市公司
100392,钱江摩托,000913,上市公司
100393,山大华特,000915,上市公司
100394,电广传媒,000917,上市公司
100395,嘉凯城,000918,上市公司
100396,金陵药业,000919,上市公司
100397,南方汇通,000920,上市公司
100398,海信科龙,000921,上市公司
100399,*ST佳电,000922,上市公司
100400,河北宣工,000923,上市公司
100401,众合科技,000925,上市公司
100402,福星股份,000926,上市公司
100403,一汽夏利,000927,上市公司
100404,中钢国际,000928,上市公司
100405,兰州黄河,000929,上市公司
100406,中粮生化,000930,上市公司
100407,中关村,000931,上市公司
100408,*ST华菱,000932,上市公司
100409,神火股份,000933,上市公司
100410,四川双马,000935,上市公司
100411,华西股份,000936,上市公司
100412,冀中能源,000937,上市公司
100413,紫光股份,000938,上市公司
100414,南天信息,000948,上市公司
100415,新乡化纤,000949,上市公司
100416,*ST建峰,000950,上市公司
100417,中国重汽,000951,上市公司
100418,广济药业,000952,上市公司
100419,*ST河化,000953,上市公司
100420,欣龙控股,000955,上市公司
100421,中通客车,000957,上市公司
100422,东方能源,000958,上市公司
100423,首钢股份,000959,上市公司
100424,锡业股份,000960,上市公司
100425,中南建设,000961,上市公司
100426,东方钽业,000962,上市公司
100427,华东医药,000963,上市公司
100428,天保基建,000965,上市公司
100429,长源电力,000966,上市公司
100430,盈峰环境,000967,上市公司
100431,蓝焰控股,000968,上市公司
100432,安泰科技,000969,上市公司
100433,中科三环,000970,上市公司
100434,高升控股,000971,上市公司
100435,*ST中基,000972,上市公司
100436,佛塑科技,000973,上市公司
100437,银泰资源,000975,上市公司
100438,华铁股份,000976,上市公司
100439,浪潮信息,000977,上市公司
100440,桂林旅游,000978,上市公司
100441,中弘股份,000979,上市公司
100442,众泰汽车,000980,上市公司
100443,银亿股份,000981,上市公司
100444,*ST中绒,000982,上市公司
100445,西山煤电,000983,上市公司
100446,大庆华科,000985,上市公司
100447,越秀金控,000987,上市公司
100448,华工科技,000988,上市公司
100449,九芝堂,000989,上市公司
100450,诚志股份,000990,上市公司
100451,闽东电力,000993,上市公司
100452,*ST皇台,000995,上市公司
100453,中国中期,000996,上市公司
100454,新大陆,000997,上市公司
100455,隆平高科,000998,上市公司
100456,华润三九,000999,上市公司
100457,宗申动力,001696,上市公司
100458,豫能控股,001896,上市公司
100459,招商蛇口,001979,上市公司
100460,新和成,002001,上市公司
100461,鸿达兴业,002002,上市公司
100462,伟星股份,002003,上市公司
100463,华邦健康,002004,上市公司
100464,德豪润达,002005,上市公司
100465,精功科技,002006,上市公司
100466,华兰生物,002007,上市公司
100467,大族激光,002008,上市公司
100468,天奇股份,002009,上市公司
100469,传化智联,002010,上市公司
100470,盾安环境,002011,上市公司
100471,凯恩股份,002012,上市公司
100472,中航机电,002013,上市公司
100473,永新股份,002014,上市公司
100474,霞客环保,002015,上市公司
100475,世荣兆业,002016,上市公司
100476,东信和平,002017,上市公司
100477,*ST华信,002018,上市公司
100478,亿帆医药,002019,上市公司
100479,京新药业,002020,上市公司
100480,中捷资源,002021,上市公司
100481,科华生物,002022,上市公司
100482,海特高新,002023,上市公司
100483,苏宁易购,002024,上市公司
100484,航天电器,002025,上市公司
100485,山东威达,002026,上市公司
100486,分众传媒,002027,上市公司
100487,思源电气,002028,上市公司
100488,七匹狼,002029,上市公司
100489,达安基因,002030,上市公司
100490,巨轮智能,002031,上市公司
100491,苏泊尔,002032,上市公司
100492,丽江旅游,002033,上市公司
100493,旺能环境,002034,上市公司
100494,华帝股份,002035,上市公司
100495,联创电子,002036,上市公司
100496,久联发展,002037,上市公司
100497,双鹭药业,002038,上市公司
100498,黔源电力,002039,上市公司
100499,南京港,002040,上市公司
100500,登海种业,002041,上市公司
100501,华孚时尚,002042,上市公司
100502,兔宝宝,002043,上市公司
100503,美年健康,002044,上市公司
100504,国光电器,002045,上市公司
100505,轴研科技,002046,上市公司
100506,宝鹰股份,002047,上市公司
100507,宁波华翔,002048,上市公司
100508,紫光国芯,002049,上市公司
100509,三花智控,002050,上市公司
100510,中工国际,002051,上市公司
100511,同洲电子,002052,上市公司
100512,云南能投,002053,上市公司
100513,德美化工,002054,上市公司
100514,得润电子,002055,上市公司
100515,横店东磁,002056,上市公司
100516,中钢天源,002057,上市公司
100517,威尔泰,002058,上市公司
100518,云南旅游,002059,上市公司
100519,粤水电,002060,上市公司
100520,浙江交科,002061,上市公司
100521,宏润建设,002062,上市公司
100522,远光软件,002063,上市公司
100523,华峰氨纶,002064,上市公司
100524,东华软件,002065,上市公司
100525,瑞泰科技,002066,上市公司
100526,景兴纸业,002067,上市公司
100527,黑猫股份,002068,上市公司
100528,獐子岛,002069,上市公司
100529,*ST众和,002070,上市公司
100530,长城影视,002071,上市公司
100531,凯瑞德,002072,上市公司
100532,软控股份,002073,上市公司
100533,国轩高科,002074,上市公司
100534,沙钢股份,002075,上市公司
100535,雪莱特,002076,上市公司
100536,大港股份,002077,上市公司
100537,太阳纸业,002078,上市公司
100538,苏州固锝,002079,上市公司
100539,中材科技,002080,上市公司
100540,金螳螂,002081,上市公司
100541,栋梁新材,002082,上市公司
100542,孚日股份,002083,上市公司
100543,海鸥住工,002084,上市公司
100544,万丰奥威,002085,上市公司
100545,东方海洋,002086,上市公司
100546,新野纺织,002087,上市公司
100547,鲁阳节能,002088,上市公司
100548,新海宜,002089,上市公司
100549,金智科技,002090,上市公司
100550,江苏国泰,002091,上市公司
100551,中泰化学,002092,上市公司
100552,国脉科技,002093,上市公司
100553,青岛金王,002094,上市公司
100554,生意宝,002095,上市公司
100555,南岭民爆,002096,上市公司
100556,山河智能,002097,上市公司
100557,浔兴股份,002098,上市公司
100558,海翔药业,002099,上市公司
100559,天康生物,002100,上市公司
100560,广东鸿图,002101,上市公司
100561,冠福股份,002102,上市公司
100562,广博股份,002103,上市公司
100563,恒宝股份,002104,上市公司
100564,信隆健康,002105,上市公司
100565,莱宝高科,002106,上市公司
100566,沃华医药,002107,上市公司
100567,沧州明珠,002108,上市公司
100568,兴化股份,002109,上市公司
100569,三钢闽光,002110,上市公司
100570,威海广泰,002111,上市公司
100571,三变科技,002112,上市公司
100572,天润数娱,002113,上市公司
100573,罗平锌电,002114,上市公司
100574,三维通信,002115,上市公司
100575,中国海诚,002116,上市公司
100576,东港股份,002117,上市公司
100577,紫鑫药业,002118,上市公司
100578,康强电子,002119,上市公司
100579,韵达股份,002120,上市公司
100580,科陆电子,002121,上市公司
100581,*ST天马,002122,上市公司
100582,梦网荣信,002123,上市公司
100583,天邦股份,002124,上市公司
100584,湘潭电化,002125,上市公司
100585,银轮股份,002126,上市公司
100586,南极电商,002127,上市公司
100587,露天煤业,002128,上市公司
100588,中环股份,002129,上市公司
100589,沃尔核材,002130,上市公司
100590,利欧股份,002131,上市公司
100591,恒星科技,002132,上市公司
100592,广宇集团,002133,上市公司
100593,天津普林,002134,上市公司
100594,东南网架,002135,上市公司
100595,安纳达,002136,上市公司
100596,麦达数字,002137,上市公司
100597,顺络电子,002138,上市公司
100598,拓邦股份,002139,上市公司
100599,东华科技,002140,上市公司
100600,贤丰控股,002141,上市公司
100601,宁波银行,002142,上市公司
100602,印纪传媒,002143,上市公司
100603,宏达高科,002144,上市公司
100604,中核钛白,002145,上市公司
100605,荣盛发展,002146,上市公司
100606,新光圆成,002147,上市公司
100607,北纬科技,002148,上市公司
100608,西部材料,002149,上市公司
100609,通润装备,002150,上市公司
100610,北斗星通,002151,上市公司
100611,广电运通,002152,上市公司
100612,石基信息,002153,上市公司
100613,报喜鸟,002154,上市公司
100614,湖南黄金,002155,上市公司
100615,通富微电,002156,上市公司
100616,正邦科技,002157,上市公司
100617,汉钟精机,002158,上市公司
100618,三特索道,002159,上市公司
100619,常铝股份,002160,上市公司
100620,远望谷,002161,上市公司
100621,悦心健康,002162,上市公司
100622,中航三鑫,002163,上市公司
100623,宁波东力,002164,上市公司
100624,红宝丽,002165,上市公司
100625,莱茵生物,002166,上市公司
100626,东方锆业,002167,上市公司
100627,深圳惠程,002168,上市公司
100628,智光电气,002169,上市公司
100629,芭田股份,002170,上市公司
100630,楚江新材,002171,上市公司
100631,澳洋科技,002172,上市公司
100632,创新医疗,002173,上市公司
100633,游族网络,002174,上市公司
100634,东方网络,002175,上市公司
100635,江特电机,002176,上市公司
100636,御银股份,002177,上市公司
100637,延华智能,002178,上市公司
100638,中航光电,002179,上市公司
100639,纳思达,002180,上市公司
100640,粤传媒,002181,上市公司
100641,云海金属,002182,上市公司
100642,怡亚通,002183,上市公司
100643,海得控制,002184,上市公司
100644,华天科技,002185,上市公司
100645,全聚德,002186,上市公司
100646,广百股份,002187,上市公司
100647,*ST巴士,002188,上市公司
100648,利达光电,002189,上市公司
100649,成飞集成,002190,上市公司
100650,劲嘉股份,002191,上市公司
100651,融捷股份,002192,上市公司
100652,如意集团,002193,上市公司
100653,*ST凡谷,002194,上市公司
100654,二三四五,002195,上市公司
100655,方正电机,002196,上市公司
100656,证通电子,002197,上市公司
100657,嘉应制药,002198,上市公司
100658,东晶电子,002199,上市公司
100659,云投生态,002200,上市公司
100660,九鼎新材,002201,上市公司
100661,金风科技,002202,上市公司
100662,海亮股份,002203,上市公司
100663,大连重工,002204,上市公司
100664,国统股份,002205,上市公司
100665,海利得,002206,上市公司
100666,*ST准油,002207,上市公司
100667,合肥城建,002208,上市公司
100668,达意隆,002209,上市公司
100669,飞马国际,002210,上市公司
100670,宏达新材,002211,上市公司
100671,南洋股份,002212,上市公司
100672,特尔佳,002213,上市公司
100673,大立科技,002214,上市公司
100674,诺普信,002215,上市公司
100675,三全食品,002216,上市公司
100676,合力泰,002217,上市公司
100677,拓日新能,002218,上市公司
100678,恒康医疗,002219,上市公司
100679,天宝食品,002220,上市公司
100680,东华能源,002221,上市公司
100681,福晶科技,002222,上市公司
100682,鱼跃医疗,002223,上市公司
100683,三力士,002224,上市公司
100684,濮耐股份,002225,上市公司
100685,江南化工,002226,上市公司
100686,奥特迅,002227,上市公司
100687,合兴包装,002228,上市公司
100688,鸿博股份,002229,上市公司
100689,科大讯飞,002230,上市公司
100690,奥维通信,002231,上市公司
100691,启明信息,002232,上市公司
100692,塔牌集团,002233,上市公司
100693,民和股份,002234,上市公司
100694,安妮股份,002235,上市公司
100695,大华股份,002236,上市公司
100696,恒邦股份,002237,上市公司
100697,天威视讯,002238,上市公司
100698,奥特佳,002239,上市公司
100699,威华股份,002240,上市公司
100700,歌尔股份,002241,上市公司
100701,九阳股份,002242,上市公司
100702,通产丽星,002243,上市公司
100703,滨江集团,002244,上市公司
100704,澳洋顺昌,002245,上市公司
100705,北化股份,002246,上市公司
100706,帝龙文化,002247,上市公司
100707,华东数控,002248,上市公司
100708,大洋电机,002249,上市公司
100709,联化科技,002250,上市公司
100710,步步高,002251,上市公司
100711,上海莱士,002252,上市公司
100712,川大智胜,002253,上市公司
100713,泰和新材,002254,上市公司
100714,海陆重工,002255,上市公司
100715,彩虹精化,002256,上市公司
100716,利尔化学,002258,上市公司
100717,升达林业,002259,上市公司
100718,*ST德奥,002260,上市公司
100719,拓维信息,002261,上市公司
100720,恩华药业,002262,上市公司
100721,*ST东南,002263,上市公司
100722,新华都,002264,上市公司
100723,西仪股份,002265,上市公司
100724,浙富控股,002266,上市公司
100725,陕天然气,002267,上市公司
100726,卫士通,002268,上市公司
100727,美邦服饰,002269,上市公司
100728,华明装备,002270,上市公司
100729,东方雨虹,002271,上市公司
100730,川润股份,002272,上市公司
100731,水晶光电,002273,上市公司
100732,华昌化工,002274,上市公司
100733,桂林三金,002275,上市公司
100734,万马股份,002276,上市公司
100735,友阿股份,002277,上市公司
100736,神开股份,002278,上市公司
100737,久其软件,002279,上市公司
100738,联络互动,002280,上市公司
100739,光迅科技,002281,上市公司
100740,博深工具,002282,上市公司
100741,天润曲轴,002283,上市公司
100742,亚太股份,002284,上市公司
100743,世联行,002285,上市公司
100744,保龄宝,002286,上市公司
100745,奇正藏药,002287,上市公司
100746,超华科技,002288,上市公司
100747,宇顺电子,002289,上市公司
100748,中科新材,002290,上市公司
100749,星期六,002291,上市公司
100750,奥飞娱乐,002292,上市公司
100751,罗莱生活,002293,上市公司
100752,信立泰,002294,上市公司
100753,精艺股份,002295,上市公司
100754,辉煌科技,002296,上市公司
100755,博云新材,002297,上市公司
100756,中电鑫龙,002298,上市公司
100757,圣农发展,002299,上市公司
100758,太阳电缆,002300,上市公司
100759,齐心集团,002301,上市公司
100760,西部建设,002302,上市公司
100761,美盈森,002303,上市公司
100762,洋河股份,002304,上市公司
100763,南国置业,002305,上市公司
100764,*ST云网,002306,上市公司
100765,北新路桥,002307,上市公司
100766,威创股份,002308,上市公司
100767,中利集团,002309,上市公司
100768,东方园林,002310,上市公司
100769,海大集团,002311,上市公司
100770,*ST三泰,002312,上市公司
100771,日海通讯,002313,上市公司
100772,南山控股,002314,上市公司
100773,焦点科技,002315,上市公司
100774,键桥通讯,002316,上市公司
100775,众生药业,002317,上市公司
100776,久立特材,002318,上市公司
100777,乐通股份,002319,上市公司
100778,海峡股份,002320,上市公司
100779,华英农业,002321,上市公司
100780,理工环科,002322,上市公司
100781,雅百特,002323,上市公司
100782,普利特,002324,上市公司
100783,洪涛股份,002325,上市公司
100784,永太科技,002326,上市公司
100785,富安娜,002327,上市公司
100786,新朋股份,002328,上市公司
100787,皇氏集团,002329,上市公司
100788,得利斯,002330,上市公司
100789,皖通科技,002331,上市公司
100790,仙琚制药,002332,上市公司
100791,罗普斯金,002333,上市公司
100792,英威腾,002334,上市公司
100793,科华恒盛,002335,上市公司
100794,人人乐,002336,上市公司
100795,赛象科技,002337,上市公司
100796,奥普光电,002338,上市公司
100797,积成电子,002339,上市公司
100798,格林美,002340,上市公司
100799,新纶科技,002341,上市公司
100800,巨力索具,002342,上市公司
100801,慈文传媒,002343,上市公司
100802,海宁皮城,002344,上市公司
100803,潮宏基,002345,上市公司
100804,柘中股份,002346,上市公司
100805,泰尔股份,002347,上市公司
100806,高乐股份,002348,上市公司
100807,精华制药,002349,上市公司
100808,北京科锐,002350,上市公司
100809,漫步者,002351,上市公司
100810,顺丰控股,002352,上市公司
100811,杰瑞股份,002353,上市公司
100812,天神娱乐,002354,上市公司
100813,兴民智通,002355,上市公司
100814,赫美集团,002356,上市公司
100815,富临运业,002357,上市公司
100816,森源电气,002358,上市公司
100817,齐星铁塔,002359,上市公司
100818,同德化工,002360,上市公司
100819,神剑股份,002361,上市公司
100820,汉王科技,002362,上市公司
100821,隆基机械,002363,上市公司
100822,中恒电气,002364,上市公司
100823,永安药业,002365,上市公司
100824,台海核电,002366,上市公司
100825,康力电梯,002367,上市公司
100826,太极股份,002368,上市公司
100827,卓翼科技,002369,上市公司
100828,亚太药业,002370,上市公司
100829,北方华创,002371,上市公司
100830,伟星新材,002372,上市公司
100831,千方科技,002373,上市公司
100832,丽鹏股份,002374,上市公司
100833,亚厦股份,002375,上市公司
100834,新北洋,002376,上市公司
100835,国创高新,002377,上市公司
100836,章源钨业,002378,上市公司
100837,宏创控股,002379,上市公司
100838,科远股份,002380,上市公司
100839,双箭股份,002381,上市公司
100840,蓝帆医疗,002382,上市公司
100841,合众思壮,002383,上市公司
100842,东山精密,002384,上市公司
100843,大北农,002385,上市公司
100844,天原集团,002386,上市公司
100845,黑牛食品,002387,上市公司
100846,新亚制程,002388,上市公司
100847,南洋科技,002389,上市公司
100848,信邦制药,002390,上市公司
100849,长青股份,002391,上市公司
100850,北京利尔,002392,上市公司
100851,力生制药,002393,上市公司
100852,联发股份,002394,上市公司
100853,双象股份,002395,上市公司
100854,星网锐捷,002396,上市公司
100855,梦洁股份,002397,上市公司
100856,建研集团,002398,上市公司
100857,海普瑞,002399,上市公司
100858,省广集团,002400,上市公司
100859,中远海科,002401,上市公司
100860,和而泰,002402,上市公司
100861,爱仕达,002403,上市公司
100862,嘉欣丝绸,002404,上市公司
100863,四维图新,002405,上市公司
100864,远东传动,002406,上市公司
100865,多氟多,002407,上市公司
100866,齐翔腾达,002408,上市公司
100867,雅克科技,002409,上市公司
100868,广联达,002410,上市公司
100869,必康股份,002411,上市公司
100870,汉森制药,002412,上市公司
100871,雷科防务,002413,上市公司
100872,高德红外,002414,上市公司
100873,海康威视,002415,上市公司
100874,爱施德,002416,上市公司
100875,深南股份,002417,上市公司
100876,康盛股份,002418,上市公司
100877,天虹股份,002419,上市公司
100878,毅昌股份,002420,上市公司
100879,达实智能,002421,上市公司
100880,科伦药业,002422,上市公司
100881,中原特钢,002423,上市公司
100882,贵州百灵,002424,上市公司
100883,凯撒文化,002425,上市公司
100884,胜利精密,002426,上市公司
100885,*ST尤夫,002427,上市公司
100886,云南锗业,002428,上市公司
100887,兆驰股份,002429,上市公司
100888,杭氧股份,002430,上市公司
100889,棕榈股份,002431,上市公司
100890,九安医疗,002432,上市公司
100891,太安堂,002433,上市公司
100892,万里扬,002434,上市公司
100893,长江润发,002435,上市公司
100894,兴森科技,002436,上市公司
100895,誉衡药业,002437,上市公司
100896,江苏神通,002438,上市公司
100897,启明星辰,002439,上市公司
100898,闰土股份,002440,上市公司
100899,众业达,002441,上市公司
100900,龙星化工,002442,上市公司
100901,金洲管道,002443,上市公司
100902,巨星科技,002444,上市公司
100903,中南文化,002445,上市公司
100904,盛路通信,002446,上市公司
100905,晨鑫科技,002447,上市公司
100906,中原内配,002448,上市公司
100907,国星光电,002449,上市公司
100908,康得新,002450,上市公司
100909,摩恩电气,002451,上市公司
100910,长高集团,002452,上市公司
100911,天马精化,002453,上市公司
100912,松芝股份,002454,上市公司
100913,百川股份,002455,上市公司
100914,欧菲科技,002456,上市公司
100915,青龙管业,002457,上市公司
100916,益生股份,002458,上市公司
100917,天业通联,002459,上市公司
100918,赣锋锂业,002460,上市公司
100919,珠江啤酒,002461,上市公司
100920,嘉事堂,002462,上市公司
100921,沪电股份,002463,上市公司
100922,众应互联,002464,上市公司
100923,海格通信,002465,上市公司
100924,天齐锂业,002466,上市公司
100925,二六三,002467,上市公司
100926,申通快递,002468,上市公司
100927,三维工程,002469,上市公司
100928,金正大,002470,上市公司
100929,中超控股,002471,上市公司
100930,双环传动,002472,上市公司
100931,*ST圣莱,002473,上市公司
100932,榕基软件,002474,上市公司
100933,立讯精密,002475,上市公司
100934,宝莫股份,002476,上市公司
100935,雏鹰农牧,002477,上市公司
100936,常宝股份,002478,上市公司
100937,富春环保,002479,上市公司
100938,新筑股份,002480,上市公司
100939,双塔食品,002481,上市公司
100940,广田集团,002482,上市公司
100941,润邦股份,002483,上市公司
100942,江海股份,002484,上市公司
100943,希努尔,002485,上市公司
100944,嘉麟杰,002486,上市公司
100945,大金重工,002487,上市公司
100946,金固股份,002488,上市公司
100947,浙江永强,002489,上市公司
100948,山东墨龙,002490,上市公司
100949,通鼎互联,002491,上市公司
100950,恒基达鑫,002492,上市公司
100951,荣盛石化,002493,上市公司
100952,华斯股份,002494,上市公司
100953,佳隆股份,002495,上市公司
100954,辉丰股份,002496,上市公司
100955,雅化集团,002497,上市公司
100956,汉缆股份,002498,上市公司
100957,科林环保,002499,上市公司
100958,山西证券,002500,上市公司
100959,利源精制,002501,上市公司
100960,骅威文化,002502,上市公司
100961,搜于特,002503,上市公司
100962,*ST弘高,002504,上市公司
100963,大康农业,002505,上市公司
100964,协鑫集成,002506,上市公司
100965,涪陵榨菜,002507,上市公司
100966,老板电器,002508,上市公司
100967,天广中茂,002509,上市公司
100968,天汽模,002510,上市公司
100969,中顺洁柔,002511,上市公司
100970,达华智能,002512,上市公司
100971,蓝丰生化,002513,上市公司
100972,宝馨科技,002514,上市公司
100973,金字火腿,002515,上市公司
100974,旷达科技,002516,上市公司
100975,恺英网络,002517,上市公司
100976,科士达,002518,上市公司
100977,银河电子,002519,上市公司
100978,日发精机,002520,上市公司
100979,齐峰新材,002521,上市公司
100980,浙江众成,002522,上市公司
100981,天桥起重,002523,上市公司
100982,光正集团,002524,上市公司
100983,山东矿机,002526,上市公司
100984,新时达,002527,上市公司
100985,英飞拓,002528,上市公司
100986,海源机械,002529,上市公司
100987,金财互联,002530,上市公司
100988,天顺风能,002531,上市公司
100989,新界泵业,002532,上市公司
100990,金杯电工,002533,上市公司
100991,杭锅股份,002534,上市公司
100992,林州重机,002535,上市公司
100993,西泵股份,002536,上市公司
100994,海联金汇,002537,上市公司
100995,司尔特,002538,上市公司
100996,云图控股,002539,上市公司
100997,亚太科技,002540,上市公司
100998,鸿路钢构,002541,上市公司
100999,中化岩土,002542,上市公司
101000,万和电气,002543,上市公司
101001,杰赛科技,002544,上市公司
101002,东方铁塔,002545,上市公司
101003,新联电子,002546,上市公司
101004,春兴精工,002547,上市公司
101005,金新农,002548,上市公司
101006,凯美特气,002549,上市公司
101007,千红制药,002550,上市公司
101008,尚荣医疗,002551,上市公司
101009,*ST宝鼎,002552,上市公司
101010,南方轴承,002553,上市公司
101011,惠博普,002554,上市公司
101012,三七互娱,002555,上市公司
101013,辉隆股份,002556,上市公司
101014,洽洽食品,002557,上市公司
101015,巨人网络,002558,上市公司
101016,亚威股份,002559,上市公司
101017,通达股份,002560,上市公司
101018,徐家汇,002561,上市公司
101019,兄弟科技,002562,上市公司
101020,森马服饰,002563,上市公司
101021,天沃科技,002564,上市公司
101022,顺灏股份,002565,上市公司
101023,益盛药业,002566,上市公司
101024,唐人神,002567,上市公司
101025,百润股份,002568,上市公司
101026,步森股份,002569,上市公司
101027,*ST因美,002570,上市公司
101028,德力股份,002571,上市公司
101029,索菲亚,002572,上市公司
101030,清新环境,002573,上市公司
101031,明牌珠宝,002574,上市公司
101032,群兴玩具,002575,上市公司
101033,通达动力,002576,上市公司
101034,雷柏科技,002577,上市公司
101035,闽发铝业,002578,上市公司
101036,中京电子,002579,上市公司
101037,圣阳股份,002580,上市公司
101038,未名医药,002581,上市公司
101039,好想你,002582,上市公司
101040,海能达,002583,上市公司
101041,西陇科学,002584,上市公司
101042,双星新材,002585,上市公司
101043,围海股份,002586,上市公司
101044,奥拓电子,002587,上市公司
101045,史丹利,002588,上市公司
101046,瑞康医药,002589,上市公司
101047,万安科技,002590,上市公司
101048,恒大高新,002591,上市公司
101049,八菱科技,002592,上市公司
101050,日上集团,002593,上市公司
101051,比亚迪,002594,上市公司
101052,豪迈科技,002595,上市公司
101053,海南瑞泽,002596,上市公司
101054,金禾实业,002597,上市公司
101055,山东章鼓,002598,上市公司
101056,盛通股份,002599,上市公司
101057,领益智造,002600,上市公司
101058,龙蟒佰利,002601,上市公司
101059,世纪华通,002602,上市公司
101060,以岭药业,002603,上市公司
101061,*ST龙力,002604,上市公司
101062,姚记扑克,002605,上市公司
101063,大连电瓷,002606,上市公司
101064,亚夏汽车,002607,上市公司
101065,江苏国信,002608,上市公司
101066,捷顺科技,002609,上市公司
101067,爱康科技,002610,上市公司
101068,东方精工,002611,上市公司
101069,朗姿股份,002612,上市公司
101070,北玻股份,002613,上市公司
101071,奥佳华,002614,上市公司
101072,哈尔斯,002615,上市公司
101073,长青集团,002616,上市公司
101074,露笑科技,002617,上市公司
101075,丹邦科技,002618,上市公司
101076,艾格拉斯,002619,上市公司
101077,瑞和股份,002620,上市公司
101078,三垒股份,002621,上市公司
101079,融钰集团,002622,上市公司
101080,亚玛顿,002623,上市公司
101081,完美世界,002624,上市公司
101082,光启技术,002625,上市公司
101083,金达威,002626,上市公司
101084,宜昌交运,002627,上市公司
101085,成都路桥,002628,上市公司
101086,仁智股份,002629,上市公司
101087,华西能源,002630,上市公司
101088,德尔未来,002631,上市公司
101089,道明光学,002632,上市公司
101090,申科股份,002633,上市公司
101091,棒杰股份,002634,上市公司
101092,安洁科技,002635,上市公司
101093,金安国纪,002636,上市公司
101094,赞宇科技,002637,上市公司
101095,勤上股份,002638,上市公司
101096,雪人股份,002639,上市公司
101097,跨境通,002640,上市公司
101098,永高股份,002641,上市公司
101099,荣之联,002642,上市公司
101100,万润股份,002643,上市公司
101101,佛慈制药,002644,上市公司
101102,华宏科技,002645,上市公司
101103,青青稞酒,002646,上市公司
101104,民盛金科,002647,上市公司
101105,卫星石化,002648,上市公司
101106,博彦科技,002649,上市公司
101107,加加食品,002650,上市公司
101108,利君股份,002651,上市公司
101109,扬子新材,002652,上市公司
101110,海思科,002653,上市公司
101111,万润科技,002654,上市公司
101112,共达电声,002655,上市公司
101113,摩登大道,002656,上市公司
101114,中科金财,002657,上市公司
101115,雪迪龙,002658,上市公司
101116,凯文教育,002659,上市公司
101117,茂硕电源,002660,上市公司
101118,克明面业,002661,上市公司
101119,京威股份,002662,上市公司
101120,普邦股份,002663,上市公司
101121,长鹰信质,002664,上市公司
101122,首航节能,002665,上市公司
101123,德联集团,002666,上市公司
101124,鞍重股份,002667,上市公司
101125,奥马电器,002668,上市公司
101126,康达新材,002669,上市公司
101127,国盛金控,002670,上市公司
101128,龙泉股份,002671,上市公司
101129,东江环保,002672,上市公司
101130,西部证券,002673,上市公司
101131,兴业科技,002674,上市公司
101132,东诚药业,002675,上市公司
101133,顺威股份,002676,上市公司
101134,浙江美大,002677,上市公司
101135,珠江钢琴,002678,上市公司
101136,福建金森,002679,上市公司
101137,长生生物,002680,上市公司
101138,奋达科技,002681,上市公司
101139,龙洲股份,002682,上市公司
101140,宏大爆破,002683,上市公司
101141,猛狮科技,002684,上市公司
101142,华东重机,002685,上市公司
101143,亿利达,002686,上市公司
101144,乔治白,002687,上市公司
101145,金河生物,002688,上市公司
101146,远大智能,002689,上市公司
101147,美亚光电,002690,上市公司
101148,冀凯股份,002691,上市公司
101149,睿康股份,002692,上市公司
101150,双成药业,002693,上市公司
101151,顾地科技,002694,上市公司
101152,煌上煌,002695,上市公司
101153,百洋股份,002696,上市公司
101154,红旗连锁,002697,上市公司
101155,博实股份,002698,上市公司
101156,美盛文化,002699,上市公司
101157,新疆浩源,002700,上市公司
101158,奥瑞金,002701,上市公司
101159,海欣食品,002702,上市公司
101160,浙江世宝,002703,上市公司
101161,新宝股份,002705,上市公司
101162,良信电器,002706,上市公司
101163,众信旅游,002707,上市公司
101164,光洋股份,002708,上市公司
101165,天赐材料,002709,上市公司
101166,欧浦智网,002711,上市公司
101167,思美传媒,002712,上市公司
101168,东易日盛,002713,上市公司
101169,牧原股份,002714,上市公司
101170,登云股份,002715,上市公司
101171,金贵银业,002716,上市公司
101172,岭南股份,002717,上市公司
101173,友邦吊顶,002718,上市公司
101174,麦趣尔,002719,上市公司
101175,金一文化,002721,上市公司
101176,金轮股份,002722,上市公司
101177,金莱特,002723,上市公司
101178,海洋王,002724,上市公司
101179,跃岭股份,002725,上市公司
101180,龙大肉食,002726,上市公司
101181,一心堂,002727,上市公司
101182,特一药业,002728,上市公司
101183,好利来,002729,上市公司
101184,电光科技,002730,上市公司
101185,萃华珠宝,002731,上市公司
101186,燕塘乳业,002732,上市公司
101187,雄韬股份,002733,上市公司
101188,利民股份,002734,上市公司
101189,王子新材,002735,上市公司
101190,国信证券,002736,上市公司
101191,葵花药业,002737,上市公司
101192,中矿资源,002738,上市公司
101193,万达电影,002739,上市公司
101194,爱迪尔,002740,上市公司
101195,光华科技,002741,上市公司
101196,三圣股份,002742,上市公司
101197,富煌钢构,002743,上市公司
101198,木林森,002745,上市公司
101199,仙坛股份,002746,上市公司
101200,埃斯顿,002747,上市公司
101201,êàáúêμòμ,002748,上市公司
101202,1ú1a1é·Y,002749,上市公司
101203,áú?òò?òμ,002750,上市公司
101204,ò×éD?1ê?,002751,上市公司
101205,?ND?1é·Y,002752,上市公司
101206,óà??1é·Y,002753,上市公司
101207,??·?D?D?,002755,上市公司
101208,óàD?ì???,002756,上市公司
101209,??D?×°±?,002757,上市公司
101210,?aí¨ò?ò?,002758,上市公司
101211,ìì?ê1é·Y,002759,上市公司
101212,·?D?1é·Y,002760,上市公司
101213,?à?2°?,002761,上市公司
101214,?e·￠à-±è,002762,上市公司
101215,???à1é·Y,002763,上市公司
101216,à?÷ì′??ˉ,002765,上市公司
101217,?÷áa1é·Y,002766,上市公司
101218,?è·?μ?×ó,002767,上市公司
101219,1ú?÷1é·Y,002768,上市公司
101220,???·í¨,002769,上市公司
101221,??μ?èéòμ,002770,上市公司
101222,??êóí¨,002771,上市公司
101223,?úD??úòμ,002772,上市公司
101224,?μo?ò?òμ,002773,上市公司
101225,?ìòaμ?ìY,002774,上市公司
101226,?????°á?,002775,上市公司
101227,°?±¤áú,002776,上市公司
101228,????ò?o￡,002777,上市公司
101229,????êˉ?ˉ,002778,上市公司
101230,?D?á????,002779,上市公司
101231,èy·ò?§ía,002780,上市公司
101232,??D?1é·Y,002781,上市公司
101233,?éá￠??,002782,上市公司
101234,?-áú1é·Y,002783,上市公司
101235,íòà?êˉ,002785,上市公司
101236,ò?±|é?D?,002786,上市公司
101237,?a?′??1é,002787,上市公司
101238,e??àò?ò?,002788,上市公司
101239,?¨ò??ˉí?,002789,上市公司
101240,èe??ì?,002790,上市公司
101241,?áàê???e,002791,上市公司
101242,í¨ó?í¨??,002792,上市公司
101243,??ò?1é·Y,002793,上市公司
101244,óàoí????,002795,上市公司
101245,êà??????,002796,上市公司
101246,μúò?′′òμ,002797,上市公司
101247,μ?í??à??,002798,上市公司
101248,?·?òó???,002799,上市公司
101249,ìì?31é·Y,002800,上市公司
101250,?￠1a1é·Y,002801,上市公司
101251,洪汇新材,002802,上市公司
101252,吉宏股份,002803,上市公司
101253,丰元股份,002805,上市公司
101254,华锋股份,002806,上市公司
101255,江阴银行,002807,上市公司
101256,苏州恒久,002808,上市公司
101257,红墙股份,002809,上市公司
101258,山东赫达,002810,上市公司
101259,亚泰国际,002811,上市公司
101260,创新股份,002812,上市公司
101261,路畅科技,002813,上市公司
101262,崇达技术,002815,上市公司
101263,和科达,002816,上市公司
101264,黄山胶囊,002817,上市公司
101265,富森美,002818,上市公司
101266,东方中科,002819,上市公司
101267,桂发祥,002820,上市公司
101268,凯莱英,002821,上市公司
101269,中装建设,002822,上市公司
101270,凯中精密,002823,上市公司
101271,和胜股份,002824,上市公司
101272,纳尔股份,002825,上市公司
101273,易明医药,002826,上市公司
101274,高争民爆,002827,上市公司
101275,贝肯能源,002828,上市公司
101276,星网宇达,002829,上市公司
101277,名雕股份,002830,上市公司
101278,裕同科技,002831,上市公司
101279,比音勒芬,002832,上市公司
101280,弘亚数控,002833,上市公司
101281,同为股份,002835,上市公司
101282,新宏泽,002836,上市公司
101283,英维克,002837,上市公司
101284,道恩股份,002838,上市公司
101285,张家港行,002839,上市公司
101286,华统股份,002840,上市公司
101287,视源股份,002841,上市公司
101288,翔鹭钨业,002842,上市公司
101289,泰嘉股份,002843,上市公司
101290,同兴达,002845,上市公司
101291,英联股份,002846,上市公司
101292,盐津铺子,002847,上市公司
101293,高斯贝尔,002848,上市公司
101294,威星智能,002849,上市公司
101295,科达利,002850,上市公司
101296,麦格米特,002851,上市公司
101297,道道全,002852,上市公司
101298,皮阿诺,002853,上市公司
101299,捷荣技术,002855,上市公司
101300,美芝股份,002856,上市公司
101301,三晖电气,002857,上市公司
101302,力盛赛车,002858,上市公司
101303,洁美科技,002859,上市公司
101304,星帅尔,002860,上市公司
101305,瀛通通讯,002861,上市公司
101306,实丰文化,002862,上市公司
101307,今飞凯达,002863,上市公司
101308,钧达股份,002865,上市公司
101309,传艺科技,002866,上市公司
101310,周大生,002867,上市公司
101311,绿康生化,002868,上市公司
101312,金溢科技,002869,上市公司
101313,香山股份,002870,上市公司
101314,伟隆股份,002871,上市公司
101315,天圣制药,002872,上市公司
101316,新天药业,002873,上市公司
101317,安奈儿,002875,上市公司
101318,三利谱,002876,上市公司
101319,智能自控,002877,上市公司
101320,元隆雅图,002878,上市公司
101321,长缆科技,002879,上市公司
101322,卫光生物,002880,上市公司
101323,美格智能,002881,上市公司
101324,金龙羽,002882,上市公司
101325,中设股份,002883,上市公司
101326,凌霄泵业,002884,上市公司
101327,京泉华,002885,上市公司
101328,沃特股份,002886,上市公司
101329,绿茵生态,002887,上市公司
101330,惠威科技,002888,上市公司
101331,东方嘉盛,002889,上市公司
101332,弘宇股份,002890,上市公司
101333,中宠股份,002891,上市公司
101334,科力尔,002892,上市公司
101335,华通热力,002893,上市公司
101336,川恒股份,002895,上市公司
101337,中大力德,002896,上市公司
101338,意华股份,002897,上市公司
101339,赛隆药业,002898,上市公司
101340,英派斯,002899,上市公司
101341,哈三联,002900,上市公司
101342,大博医疗,002901,上市公司
101343,铭普光磁,002902,上市公司
101344,宇环数控,002903,上市公司
101345,金逸影视,002905,上市公司
101346,华阳集团,002906,上市公司
101347,华森制药,002907,上市公司
101348,德生科技,002908,上市公司
101349,集泰股份,002909,上市公司
101350,庄园牧场,002910,上市公司
101351,íò??B,200002,上市公司
101352,é???òμB,200011,上市公司
101353,??2￡B,200012,上市公司
101354,é??μ??B,200016,上市公司
101355,é??D?aB,200017,上市公司
101356,é??YB,200018,上市公司
101357,é?é?±|B,200019,上市公司
101358,é??a·￠B,200020,上市公司
101359,é?3àí?B,200022,上市公司
101360,ì?á|B,200025,上市公司
101361,·é??′?B,200026,上市公司
101362,ò???B,200028,上市公司
101363,é?é?·?B,200029,上市公司
101364,??°?B,200030,上市公司
101365,é???μ?B,200037,上市公司
101366,?D?ˉB,200039,上市公司
101367,é?·??ˉB,200045,上市公司
101368,é??ùμ?B,200053,上市公司
101369,?¨3μB,200054,上市公司
101370,·?′óB,200055,上市公司
101371,?êí￥B,200056,上市公司
101372,é?èü??B,200058,上市公司
101373,é?o?B,200152,上市公司
101374,????B,200160,上市公司
101375,?′?′B,200168,上市公司
101376,??D?B,200413,上市公司
101377,D?ìì?ìB,200418,上市公司
101378,?á???ùB,200429,上市公司
101379,*ST?tí¨B,200468,上市公司
101380,3??ùB,200488,上市公司
101381,??á?B,200505,上市公司
101382,??2óà¤B,200512,上市公司
101383,à??éB,200513,上市公司
101384,í??àáaB,200521,上市公司
101385,′óà?B,200530,上市公司
101386,?áμ?á|B,200539,上市公司
101387,?á???÷B,200541,上市公司
101388,?-á?B,200550,上市公司
101389,é3??′?B,200553,上市公司
101390,??3￡2?B,200570,上市公司
101391,??ít?úB,200581,上市公司
101392,1???1±B,200596,上市公司
101393,′ó??o￡B,200613,上市公司
101394,3¤°2B,200625,上市公司
101395,í??áB,200706,上市公司
101396,????·?B,200725,上市公司
101397,?3ì?B,200726,上市公司
101398,±???°?B,200761,上市公司
101399,o?????B,200771,上市公司
101400,???￡B,200869,上市公司
101401,粤华包B,200986,上市公司
101402,中鲁B,200992,上市公司
101403,特锐德,300001,上市公司
101404,神州泰岳,300002,上市公司
101405,乐普医疗,300003,上市公司
101406,南风股份,300004,上市公司
101407,探路者,300005,上市公司
101408,莱美药业,300006,上市公司
101409,汉威科技,300007,上市公司
101410,天海防务,300008,上市公司
101411,安科生物,300009,上市公司
101412,立思辰,300010,上市公司
101413,鼎汉技术,300011,上市公司
101414,华测检测,300012,上市公司
101415,新宁物流,300013,上市公司
101416,亿纬锂能,300014,上市公司
101417,爱尔眼科,300015,上市公司
101418,北陆药业,300016,上市公司
101419,网宿科技,300017,上市公司
101420,中元股份,300018,上市公司
101421,硅宝科技,300019,上市公司
101422,银江股份,300020,上市公司
101423,大禹节水,300021,上市公司
101424,吉峰农机,300022,上市公司
101425,宝德股份,300023,上市公司
101426,机器人,300024,上市公司
101427,华星创业,300025,上市公司
101428,红日药业,300026,上市公司
101429,华谊兄弟,300027,上市公司
101430,金亚科技,300028,上市公司
101431,天龙光电,300029,上市公司
101432,阳普医疗,300030,上市公司
101433,金龙机电,300032,上市公司
101434,同花顺,300033,上市公司
101435,钢研高纳,300034,上市公司
101436,中科电气,300035,上市公司
101437,超图软件,300036,上市公司
101438,新宙邦,300037,上市公司
101439,梅泰诺,300038,上市公司
101440,上海凯宝,300039,上市公司
101441,九洲电气,300040,上市公司
101442,回天新材,300041,上市公司
101443,朗科科技,300042,上市公司
101444,星辉娱乐,300043,上市公司
101445,赛为智能,300044,上市公司
101446,华力创通,300045,上市公司
101447,台基股份,300046,上市公司
101448,天源迪科,300047,上市公司
101449,合康新能,300048,上市公司
101450,世纪鼎利,300050,上市公司
101451,三五互联,300051,上市公司
101452,中青宝,300052,上市公司
101453,欧比特,300053,上市公司
101454,鼎龙股份,300054,上市公司
101455,万邦达,300055,上市公司
101456,三维丝,300056,上市公司
101457,万顺股份,300057,上市公司
101458,蓝色光标,300058,上市公司
101459,东方财富,300059,上市公司
101460,康旗股份,300061,上市公司
101461,中能电气,300062,上市公司
101462,天龙集团,300063,上市公司
101463,豫金刚石,300064,上市公司
101464,海兰信,300065,上市公司
101465,三川智慧,300066,上市公司
101466,安诺其,300067,上市公司
101467,南都电源,300068,上市公司
101468,金利华电,300069,上市公司
101469,碧水源,300070,上市公司
101470,华谊嘉信,300071,上市公司
101471,三聚环保,300072,上市公司
101472,当升科技,300073,上市公司
101473,华平股份,300074,上市公司
101474,数字政通,300075,上市公司
101475,GQY视讯,300076,上市公司
101476,国民技术,300077,上市公司
101477,思创医惠,300078,上市公司
101478,数码科技,300079,上市公司
101479,易成新能,300080,上市公司
101480,恒信东方,300081,上市公司
101481,奥克股份,300082,上市公司
101482,劲胜智能,300083,上市公司
101483,海默科技,300084,上市公司
101484,银之杰,300085,上市公司
101485,康芝药业,300086,上市公司
101486,荃银高科,300087,上市公司
101487,长信科技,300088,上市公司
101488,文化长城,300089,上市公司
101489,盛运环保,300090,上市公司
101490,金通灵,300091,上市公司
101491,科新机电,300092,上市公司
101492,金刚玻璃,300093,上市公司
101493,国联水产,300094,上市公司
101494,华伍股份,300095,上市公司
101495,易联众,300096,上市公司
101496,智云股份,300097,上市公司
101497,高新兴,300098,上市公司
101498,精准信息,300099,上市公司
101499,双林股份,300100,上市公司
101500,振芯科技,300101,上市公司
101501,乾照光电,300102,上市公司
101502,达刚路机,300103,上市公司
101503,乐视网,300104,上市公司
101504,龙源技术,300105,上市公司
101505,西部牧业,300106,上市公司
101506,建新股份,300107,上市公司
101507,吉药控股,300108,上市公司
101508,新开源,300109,上市公司
101509,华仁药业,300110,上市公司
101510,向日葵,300111,上市公司
101511,万讯自控,300112,上市公司
101512,顺网科技,300113,上市公司
101513,中航电测,300114,上市公司
101514,长盈精密,300115,上市公司
101515,坚瑞沃能,300116,上市公司
101516,嘉寓股份,300117,上市公司
101517,东方日升,300118,上市公司
101518,瑞普生物,300119,上市公司
101519,经纬电材,300120,上市公司
101520,阳谷华泰,300121,上市公司
101521,智飞生物,300122,上市公司
101522,亚光科技,300123,上市公司
101523,汇川技术,300124,上市公司
101524,易世达,300125,上市公司
101525,锐奇股份,300126,上市公司
101526,银河磁体,300127,上市公司
101527,锦富技术,300128,上市公司
101528,泰胜风能,300129,上市公司
101529,新国都,300130,上市公司
101530,英唐智控,300131,上市公司
101531,青松股份,300132,上市公司
101532,华策影视,300133,上市公司
101533,大富科技,300134,上市公司
101534,宝利国际,300135,上市公司
101535,信维通信,300136,上市公司
101536,先河环保,300137,上市公司
101537,晨光生物,300138,上市公司
101538,晓程科技,300139,上市公司
101539,中环装备,300140,上市公司
101540,和顺电气,300141,上市公司
101541,沃森生物,300142,上市公司
101542,星普医科,300143,上市公司
101543,宋城演艺,300144,上市公司
101544,中金环境,300145,上市公司
101545,汤臣倍健,300146,上市公司
101546,香雪制药,300147,上市公司
101547,天舟文化,300148,上市公司
101548,量子高科,300149,上市公司
101549,世纪瑞尔,300150,上市公司
101550,昌红科技,300151,上市公司
101551,科融环境,300152,上市公司
101552,科泰电源,300153,上市公司
101553,瑞凌股份,300154,上市公司
101554,安居宝,300155,上市公司
101555,神雾环保,300156,上市公司
101556,恒泰艾普,300157,上市公司
101557,振东制药,300158,上市公司
101558,新研股份,300159,上市公司
101559,秀强股份,300160,上市公司
101560,华中数控,300161,上市公司
101561,雷曼股份,300162,上市公司
101562,先锋新材,300163,上市公司
101563,通源石油,300164,上市公司
101564,天瑞仪器,300165,上市公司
101565,东方国信,300166,上市公司
101566,迪威迅,300167,上市公司
101567,万达信息,300168,上市公司
101568,天晟新材,300169,上市公司
101569,汉得信息,300170,上市公司
101570,东富龙,300171,上市公司
101571,中电环保,300172,上市公司
101572,智慧松德,300173,上市公司
101573,元力股份,300174,上市公司
101574,朗源股份,300175,上市公司
101575,鸿特精密,300176,上市公司
101576,中海达,300177,上市公司
101577,腾邦国际,300178,上市公司
101578,四方达,300179,上市公司
101579,华峰超纤,300180,上市公司
101580,佐力药业,300181,上市公司
101581,捷成股份,300182,上市公司
101582,东软载波,300183,上市公司
101583,力源信息,300184,上市公司
101584,通裕重工,300185,上市公司
101585,永清环保,300187,上市公司
101586,美亚柏科,300188,上市公司
101587,神农基因,300189,上市公司
101588,维尔利,300190,上市公司
101589,潜能恒信,300191,上市公司
101590,科斯伍德,300192,上市公司
101591,佳士科技,300193,上市公司
101592,福安药业,300194,上市公司
101593,长荣股份,300195,上市公司
101594,长海股份,300196,上市公司
101595,铁汉生态,300197,上市公司
101596,纳川股份,300198,上市公司
101597,翰宇药业,300199,上市公司
101598,高盟新材,300200,上市公司
101599,海伦哲,300201,上市公司
101600,聚龙股份,300202,上市公司
101601,??1a????,300203,上市公司
101602,ê?ì?é?,300204,上市公司
101603,ììó÷D??￠,300205,上市公司
101604,àí°?ò??÷,300206,上市公司
101605,Dàíú′?,300207,上市公司
101606,o??3?ú?N,300208,上市公司
101607,ìì?óD??￠,300209,上市公司
101608,é-??1é·Y,300210,上市公司
101609,òúí¨????,300211,上市公司
101610,ò×?a??,300212,上市公司
101611,????·éoè,300213,上市公司
101612,è????ˉ?§,300214,上市公司
101613,μ????o,300215,上市公司
101614,??·?μ?èè,300217,上市公司
101615,°2à?1é·Y,300218,上市公司
101616,oèà?????,300219,上市公司
101617,?e???¤1a,300220,上市公司
101618,ò?ì?????,300221,上市公司
101619,??′ó???ü,300222,上市公司
101620,±±???y?y,300223,上市公司
101621,?yo￡′?2?,300224,上市公司
101622,?eá|ì?,300225,上市公司
101623,é?o￡??áa,300226,上市公司
101624,1a??′?,300227,上市公司
101625,??èeì?×°,300228,上市公司
101626,í?????,300229,上市公司
101627,óàà?1é·Y,300230,上市公司
101628,ò?D?????,300231,上市公司
101629,?T?÷????,300232,上市公司
101630,?e3?ò?ò?,300233,上市公司
101631,?a??D?2?,300234,上市公司
101632,·??±????,300235,上市公司
101633,é?o￡D???,300236,上市公司
101634,?à3?éúì?,300237,上市公司
101635,1úê?éú??,300238,上市公司
101636,??±|éú??,300239,上市公司
101637,·éá|′?,300240,上市公司
101638,èe·á1aμ?,300241,上市公司
101639,?÷?òáao?,300242,上市公司
101640,èe·á??2?,300243,上市公司
101641,μ?°2????,300244,上市公司
101642,ìì?á????,300245,上市公司
101643,±|à3ì?,300246,上市公司
101644,à??e???μ,300247,上市公司
101645,D??a??,300248,上市公司
101646,òà?×?μ,300249,上市公司
101647,3?áéD??￠,300250,上市公司
101648,1a??′???,300251,上市公司
101649,?eD??μ,300252,上市公司
101650,?à?t???μ,300253,上市公司
101651,仟源医药,300254,上市公司
101652,常山药业,300255,上市公司
101653,星星科技,300256,上市公司
101654,开山股份,300257,上市公司
101655,精锻科技,300258,上市公司
101656,新天科技,300259,上市公司
101657,新莱应材,300260,上市公司
101658,雅本化学,300261,上市公司
101659,巴安水务,300262,上市公司
101660,隆华节能,300263,上市公司
101661,佳创视讯,300264,上市公司
101662,通光线缆,300265,上市公司
101663,兴源环境,300266,上市公司
101664,尔康制药,300267,上市公司
101665,佳沃股份,300268,上市公司
101666,联建光电,300269,上市公司
101667,中威电子,300270,上市公司
101668,华宇软件,300271,上市公司
101669,开能环保,300272,上市公司
101670,和佳股份,300273,上市公司
101671,阳光电源,300274,上市公司
101672,梅安森,300275,上市公司
101673,三丰智能,300276,上市公司
101674,海联讯,300277,上市公司
101675,华昌达,300278,上市公司
101676,和晶科技,300279,上市公司
101677,南通锻压,300280,上市公司
101678,金明精机,300281,上市公司
101679,汇冠股份,300282,上市公司
101680,温州宏丰,300283,上市公司
101681,苏交科,300284,上市公司
101682,国瓷材料,300285,上市公司
101683,安科瑞,300286,上市公司
101684,飞利信,300287,上市公司
101685,朗玛信息,300288,上市公司
101686,利德曼,300289,上市公司
101687,荣科科技,300290,上市公司
101688,华录百纳,300291,上市公司
101689,吴通控股,300292,上市公司
101690,蓝英装备,300293,上市公司
101691,博雅生物,300294,上市公司
101692,三六五网,300295,上市公司
101693,利亚德,300296,上市公司
101694,蓝盾股份,300297,上市公司
101695,三诺生物,300298,上市公司
101696,富春股份,300299,上市公司
101697,汉鼎宇佑,300300,上市公司
101698,长方集团,300301,上市公司
101699,同有科技,300302,上市公司
101700,聚飞光电,300303,上市公司
101701,云意电气,300304,上市公司
101702,裕兴股份,300305,上市公司
101703,远方信息,300306,上市公司
101704,慈星股份,300307,上市公司
101705,中际旭创,300308,上市公司
101706,吉艾科技,300309,上市公司
101707,宜通世纪,300310,上市公司
101708,任子行,300311,上市公司
101709,邦讯技术,300312,上市公司
101710,天山生物,300313,上市公司
101711,戴维医疗,300314,上市公司
101712,掌趣科技,300315,上市公司
101713,晶盛机电,300316,上市公司
101714,珈伟股份,300317,上市公司
101715,博晖创新,300318,上市公司
101716,麦捷科技,300319,上市公司
101717,海达股份,300320,上市公司
101718,同大股份,300321,上市公司
101719,硕贝德,300322,上市公司
101720,华灿光电,300323,上市公司
101721,旋极信息,300324,上市公司
101722,德威新材,300325,上市公司
101723,凯利泰,300326,上市公司
101724,中颖电子,300327,上市公司
101725,宜安科技,300328,上市公司
101726,海伦钢琴,300329,上市公司
101727,华虹计通,300330,上市公司
101728,苏大维格,300331,上市公司
101729,天壕环境,300332,上市公司
101730,兆日科技,300333,上市公司
101731,津膜科技,300334,上市公司
101732,迪森股份,300335,上市公司
101733,新文化,300336,上市公司
101734,银邦股份,300337,上市公司
101735,开元股份,300338,上市公司
101736,润和软件,300339,上市公司
101737,科恒股份,300340,上市公司
101738,麦迪电气,300341,上市公司
101739,天银机电,300342,上市公司
101740,联创互联,300343,上市公司
101741,太空智造,300344,上市公司
101742,红宇新材,300345,上市公司
101743,南大光电,300346,上市公司
101744,泰格医药,300347,上市公司
101745,长亮科技,300348,上市公司
101746,金卡智能,300349,上市公司
101747,华鹏飞,300350,上市公司
101748,永贵电器,300351,上市公司
101749,北信源,300352,上市公司
101750,东土科技,300353,上市公司
101751,东华测试,300354,上市公司
101752,蒙草生态,300355,上市公司
101753,光一科技,300356,上市公司
101754,我武生物,300357,上市公司
101755,楚天科技,300358,上市公司
101756,全通教育,300359,上市公司
101757,炬华科技,300360,上市公司
101758,天翔环境,300362,上市公司
101759,博腾股份,300363,上市公司
101760,中文在线,300364,上市公司
101761,恒华科技,300365,上市公司
101762,创意信息,300366,上市公司
101763,东方网力,300367,上市公司
101764,汇金股份,300368,上市公司
101765,绿盟科技,300369,上市公司
101766,安控科技,300370,上市公司
101767,汇中股份,300371,上市公司
101768,扬杰科技,300373,上市公司
101769,恒通科技,300374,上市公司
101770,鹏翎股份,300375,上市公司
101771,易事特,300376,上市公司
101772,赢时胜,300377,上市公司
101773,鼎捷软件,300378,上市公司
101774,东方通,300379,上市公司
101775,安硕信息,300380,上市公司
101776,溢多利,300381,上市公司
101777,斯莱克,300382,上市公司
101778,光环新网,300383,上市公司
101779,三联虹普,300384,上市公司
101780,雪浪环境,300385,上市公司
101781,飞天诚信,300386,上市公司
101782,富邦股份,300387,上市公司
101783,国祯环保,300388,上市公司
101784,艾比森,300389,上市公司
101785,天华超净,300390,上市公司
101786,康跃科技,300391,上市公司
101787,腾信股份,300392,上市公司
101788,中来股份,300393,上市公司
101789,天孚通信,300394,上市公司
101790,菲利华,300395,上市公司
101791,迪瑞医疗,300396,上市公司
101792,天和防务,300397,上市公司
101793,飞凯材料,300398,上市公司
101794,京天利,300399,上市公司
101795,劲拓股份,300400,上市公司
101796,花园生物,300401,上市公司
101797,宝色股份,300402,上市公司
101798,地尔汉宇,300403,上市公司
101799,博济医药,300404,上市公司
101800,科隆股份,300405,上市公司
101801,九强生物,300406,上市公司
101802,凯发电气,300407,上市公司
101803,三环集团,300408,上市公司
101804,道氏技术,300409,上市公司
101805,正业科技,300410,上市公司
101806,金盾股份,300411,上市公司
101807,迦南科技,300412,上市公司
101808,快乐购,300413,上市公司
101809,中光防雷,300414,上市公司
101810,伊之密,300415,上市公司
101811,苏试试验,300416,上市公司
101812,南华仪器,300417,上市公司
101813,昆仑万维,300418,上市公司
101814,浩丰科技,300419,上市公司
101815,五洋停车,300420,上市公司
101816,力星股份,300421,上市公司
101817,博世科,300422,上市公司
101818,鲁亿通,300423,上市公司
101819,航新科技,300424,上市公司
101820,环能科技,300425,上市公司
101821,唐德影视,300426,上市公司
101822,红相股份,300427,上市公司
101823,四通新材,300428,上市公司
101824,强力新材,300429,上市公司
101825,诚益通,300430,上市公司
101826,暴风集团,300431,上市公司
101827,富临精工,300432,上市公司
101828,蓝思科技,300433,上市公司
101829,金石东方,300434,上市公司
101830,中泰股份,300435,上市公司
101831,广生堂,300436,上市公司
101832,清水源,300437,上市公司
101833,鹏辉能源,300438,上市公司
101834,美康生物,300439,上市公司
101835,运达科技,300440,上市公司
101836,鲍斯股份,300441,上市公司
101837,普丽盛,300442,上市公司
101838,金雷风电,300443,上市公司
101839,双杰电气,300444,上市公司
101840,康斯特,300445,上市公司
101841,乐凯新材,300446,上市公司
101842,全信股份,300447,上市公司
101843,浩云科技,300448,上市公司
101844,汉邦高科,300449,上市公司
101845,先导智能,300450,上市公司
101846,创业软件,300451,上市公司
101847,山河药辅,300452,上市公司
101848,三鑫医疗,300453,上市公司
101849,康拓红外,300455,上市公司
101850,耐威科技,300456,上市公司
101851,赢合科技,300457,上市公司
101852,全志科技,300458,上市公司
101853,金科文化,300459,上市公司
101854,惠伦晶体,300460,上市公司
101855,田中精机,300461,上市公司
101856,华铭智能,300462,上市公司
101857,迈克生物,300463,上市公司
101858,星徽精密,300464,上市公司
101859,高伟达,300465,上市公司
101860,赛摩电气,300466,上市公司
101861,迅游科技,300467,上市公司
101862,四方精创,300468,上市公司
101863,信息发展,300469,上市公司
101864,日机密封,300470,上市公司
101865,厚普股份,300471,上市公司
101866,新元科技,300472,上市公司
101867,德尔股份,300473,上市公司
101868,景嘉微,300474,上市公司
101869,聚隆科技,300475,上市公司
101870,胜宏科技,300476,上市公司
101871,合纵科技,300477,上市公司
101872,杭州高新,300478,上市公司
101873,神思电子,300479,上市公司
101874,光力科技,300480,上市公司
101875,濮阳惠成,300481,上市公司
101876,万孚生物,300482,上市公司
101877,沃施股份,300483,上市公司
101878,蓝海华腾,300484,上市公司
101879,赛升药业,300485,上市公司
101880,东杰智能,300486,上市公司
101881,蓝晓科技,300487,上市公司
101882,恒锋工具,300488,上市公司
101883,中飞股份,300489,上市公司
101884,华自科技,300490,上市公司
101885,通合科技,300491,上市公司
101886,山鼎设计,300492,上市公司
101887,润欣科技,300493,上市公司
101888,盛天网络,300494,上市公司
101889,美尚生态,300495,上市公司
101890,中科创达,300496,上市公司
101891,富祥股份,300497,上市公司
101892,温氏股份,300498,上市公司
101893,高澜股份,300499,上市公司
101894,启迪设计,300500,上市公司
101895,海顺新材,300501,上市公司
101896,新易盛,300502,上市公司
101897,昊志机电,300503,上市公司
101898,川金诺,300505,上市公司
101899,名家汇,300506,上市公司
101900,苏奥传感,300507,上市公司
101901,维宏股份,300508,上市公司
101902,新美星,300509,上市公司
101903,金冠电气,300510,上市公司
101904,雪榕生物,300511,上市公司
101905,中亚股份,300512,上市公司
101906,恒泰实达,300513,上市公司
101907,友讯达,300514,上市公司
101908,三德科技,300515,上市公司
101909,久之洋,300516,上市公司
101910,海波重科,300517,上市公司
101911,盛讯达,300518,上市公司
101912,新光药业,300519,上市公司
101913,科大国创,300520,上市公司
101914,爱司凯,300521,上市公司
101915,世名科技,300522,上市公司
101916,辰安科技,300523,上市公司
101917,博思软件,300525,上市公司
101918,中潜股份,300526,上市公司
101919,华舟应急,300527,上市公司
101920,幸福蓝海,300528,上市公司
101921,健帆生物,300529,上市公司
101922,达志科技,300530,上市公司
101923,优博讯,300531,上市公司
101924,今天国际,300532,上市公司
101925,冰川网络,300533,上市公司
101926,陇神戎发,300534,上市公司
101927,达威股份,300535,上市公司
101928,农尚环境,300536,上市公司
101929,广信材料,300537,上市公司
101930,同益股份,300538,上市公司
101931,横河模具,300539,上市公司
101932,深冷股份,300540,上市公司
101933,先进数通,300541,上市公司
101934,新晨科技,300542,上市公司
101935,朗科智能,300543,上市公司
101936,联得装备,300545,上市公司
101937,雄帝科技,300546,上市公司
101938,川环科技,300547,上市公司
101939,博创科技,300548,上市公司
101940,优德精密,300549,上市公司
101941,和仁科技,300550,上市公司
101942,古鳌科技,300551,上市公司
101943,万集科技,300552,上市公司
101944,集智股份,300553,上市公司
101945,三超新材,300554,上市公司
101946,路通视信,300555,上市公司
101947,丝路视觉,300556,上市公司
101948,理工光科,300557,上市公司
101949,贝达药业,300558,上市公司
101950,佳发教育,300559,上市公司
101951,中富通,300560,上市公司
101952,汇金科技,300561,上市公司
101953,乐心医疗,300562,上市公司
101954,神宇股份,300563,上市公司
101955,科信技术,300565,上市公司
101956,激智科技,300566,上市公司
101957,精测电子,300567,上市公司
101958,星源材质,300568,上市公司
101959,天能重工,300569,上市公司
101960,太辰光,300570,上市公司
101961,平治信息,300571,上市公司
101962,安车检测,300572,上市公司
101963,兴齐眼药,300573,上市公司
101964,中旗股份,300575,上市公司
101965,容大感光,300576,上市公司
101966,开润股份,300577,上市公司
101967,会畅通讯,300578,上市公司
101968,数字认证,300579,上市公司
101969,贝斯特,300580,上市公司
101970,晨曦航空,300581,上市公司
101971,英飞特,300582,上市公司
101972,赛托生物,300583,上市公司
101973,海辰药业,300584,上市公司
101974,奥联电子,300585,上市公司
101975,美联新材,300586,上市公司
101976,天铁股份,300587,上市公司
101977,熙菱信息,300588,上市公司
101978,江龙船艇,300589,上市公司
101979,移为通信,300590,上市公司
101980,万里马,300591,上市公司
101981,华凯创意,300592,上市公司
101982,新雷能,300593,上市公司
101983,欧普康视,300595,上市公司
101984,吉大通信,300597,上市公司
101985,诚迈科技,300598,上市公司
101986,雄塑科技,300599,上市公司
101987,瑞特股份,300600,上市公司
101988,康泰生物,300601,上市公司
101989,飞荣达,300602,上市公司
101990,立昂技术,300603,上市公司
101991,长川科技,300604,上市公司
101992,恒锋信息,300605,上市公司
101993,金太阳,300606,上市公司
101994,拓斯达,300607,上市公司
101995,思特奇,300608,上市公司
101996,汇纳科技,300609,上市公司
101997,晨化股份,300610,上市公司
101998,美力科技,300611,上市公司
101999,宣亚国际,300612,上市公司
102000,富瀚微,300613,上市公司
102001,欣天科技,300615,上市公司
102002,尚品宅配,300616,上市公司
102003,安靠智电,300617,上市公司
102004,寒锐钴业,300618,上市公司
102005,金银河,300619,上市公司
102006,光库科技,300620,上市公司
102007,维业股份,300621,上市公司
102008,博士眼镜,300622,上市公司
102009,捷捷微电,300623,上市公司
102010,三雄极光,300625,上市公司
102011,华瑞股份,300626,上市公司
102012,华测导航,300627,上市公司
102013,亿联网络,300628,上市公司
102014,新劲刚,300629,上市公司
102015,普利制药,300630,上市公司
102016,久吾高科,300631,上市公司
102017,光莆股份,300632,上市公司
102018,开立医疗,300633,上市公司
102019,达安股份,300635,上市公司
102020,同和药业,300636,上市公司
102021,扬帆新材,300637,上市公司
102022,广和通,300638,上市公司
102023,凯普生物,300639,上市公司
102024,德艺文创,300640,上市公司
102025,正丹股份,300641,上市公司
102026,透景生命,300642,上市公司
102027,万通智控,300643,上市公司
102028,正元智慧,300645,上市公司
102029,超频三,300647,上市公司
102030,星云股份,300648,上市公司
102031,杭州园林,300649,上市公司
102032,太龙照明,300650,上市公司
102033,金陵体育,300651,上市公司
102034,雷迪克,300652,上市公司
102035,正海生物,300653,上市公司
102036,世纪天鸿,300654,上市公司
102037,晶瑞股份,300655,上市公司
102038,民德电子,300656,上市公司
102039,弘信电子,300657,上市公司
102040,延江股份,300658,上市公司
102041,中孚信息,300659,上市公司
102042,圣邦股份,300661,上市公司
102043,科锐国际,300662,上市公司
102044,科蓝软件,300663,上市公司
102045,飞鹿股份,300665,上市公司
102046,江丰电子,300666,上市公司
102047,必创科技,300667,上市公司
102048,杰恩设计,300668,上市公司
102049,沪宁股份,300669,上市公司
102050,大烨智能,300670,上市公司
102051,富满电子,300671,上市公司
102052,国科微,300672,上市公司
102053,佩蒂股份,300673,上市公司
102054,建科院,300675,上市公司
102055,华大基因,300676,上市公司
102056,英科医疗,300677,上市公司
102057,中科信息,300678,上市公司
102058,电连技术,300679,上市公司
102059,隆盛科技,300680,上市公司
102060,英搏尔,300681,上市公司
102061,朗新科技,300682,上市公司
102062,海特生物,300683,上市公司
102063,艾德生物,300685,上市公司
102064,智动力,300686,上市公司
102065,赛意信息,300687,上市公司
102066,创业黑马,300688,上市公司
102067,澄天伟业,300689,上市公司
102068,双一科技,300690,上市公司
102069,联合光电,300691,上市公司
102070,中环环保,300692,上市公司
102071,盛弘股份,300693,上市公司
102072,兆丰股份,300695,上市公司
102073,爱乐达,300696,上市公司
102074,电工合金,300697,上市公司
102075,万马科技,300698,上市公司
102076,光威复材,300699,上市公司
102077,岱勒新材,300700,上市公司
102078,森霸传感,300701,上市公司
102079,天宇股份,300702,上市公司
102080,创源文化,300703,上市公司
102081,九典制药,300705,上市公司
102082,阿石创,300706,上市公司
102083,威唐工业,300707,上市公司
102084,聚灿光电,300708,上市公司
102085,精研科技,300709,上市公司
102086,万隆光电,300710,上市公司
102087,广哈通信,300711,上市公司
102088,永福股份,300712,上市公司
102089,英可瑞,300713,上市公司
102090,凯伦股份,300715,上市公司
102091,华信新材,300717,上市公司
102092,长盛轴承,300718,上市公司
102093,海川智能,300720,上市公司
102094,浦发银行,600000,上市公司
102095,白云机场,600004,上市公司
102096,东风汽车,600006,上市公司
102097,中国国贸,600007,上市公司
102098,首创股份,600008,上市公司
102099,上海机场,600009,上市公司
102100,包钢股份,600010,上市公司
102101,华能国际,600011,上市公司
102102,皖通高速,600012,上市公司
102103,华夏银行,600015,上市公司
102104,民生银行,600016,上市公司
102105,日照港,600017,上市公司
102106,上港集团,600018,上市公司
102107,宝钢股份,600019,上市公司
102108,中原高速,600020,上市公司
102109,上海电力,600021,上市公司
102110,山东钢铁,600022,上市公司
102111,浙能电力,600023,上市公司
102112,中远海能,600026,上市公司
102113,华电国际,600027,上市公司
102114,中国石化,600028,上市公司
102115,南方航空,600029,上市公司
102116,中信证券,600030,上市公司
102117,三一重工,600031,上市公司
102118,福建高速,600033,上市公司
102119,楚天高速,600035,上市公司
102120,招商银行,600036,上市公司
102121,歌华有线,600037,上市公司
102122,中直股份,600038,上市公司
102123,四川路桥,600039,上市公司
102124,保利地产,600048,上市公司
102125,中国联通,600050,上市公司
102126,宁波联合,600051,上市公司
102127,浙江广厦,600052,上市公司
102128,九鼎投资,600053,上市公司
102129,黄山旅游,600054,上市公司
102130,万东医疗,600055,上市公司
102131,中国医药,600056,上市公司
102132,象屿股份,600057,上市公司
102133,五矿发展,600058,上市公司
102134,古越龙山,600059,上市公司
102135,海信电器,600060,上市公司
102136,国投资本,600061,上市公司
102137,华润双鹤,600062,上市公司
102138,皖维高新,600063,上市公司
102139,南京高科,600064,上市公司
102140,宇通客车,600066,上市公司
102141,冠城大通,600067,上市公司
102142,葛洲坝,600068,上市公司
102143,银鸽投资,600069,上市公司
102144,浙江富润,600070,上市公司
102145,凤凰光学,600071,上市公司
102146,中船科技,600072,上市公司
102147,上海梅林,600073,上市公司
102148,*ST保千,600074,上市公司
102149,新疆天业,600075,上市公司
102150,康欣新材,600076,上市公司
102151,宋都股份,600077,上市公司
102152,澄星股份,600078,上市公司
102153,人福医药,600079,上市公司
102154,金花股份,600080,上市公司
102155,东风科技,600081,上市公司
102156,海泰发展,600082,上市公司
102157,博信股份,600083,上市公司
102158,中葡股份,600084,上市公司
102159,同仁堂,600085,上市公司
102160,东方金钰,600086,上市公司
102161,中视传媒,600088,上市公司
102162,特变电工,600089,上市公司
102163,啤酒花,600090,上市公司
102164,ST明科,600091,上市公司
102165,易见股份,600093,上市公司
102166,大名城,600094,上市公司
102167,哈高科,600095,上市公司
102168,云天化,600096,上市公司
102169,开创国际,600097,上市公司
102170,广州发展,600098,上市公司
102171,林海股份,600099,上市公司
102172,同方股份,600100,上市公司
102173,明星电力,600101,上市公司
102174,青山纸业,600103,上市公司
102175,上汽集团,600104,上市公司
102176,永鼎股份,600105,上市公司
102177,重庆路桥,600106,上市公司
102178,美尔雅,600107,上市公司
102179,亚盛集团,600108,上市公司
102180,国金证券,600109,上市公司
102181,诺德股份,600110,上市公司
102182,北方稀土,600111,上市公司
102183,*ST天成,600112,上市公司
102184,浙江东日,600113,上市公司
102185,东睦股份,600114,上市公司
102186,东方航空,600115,上市公司
102187,三峡水利,600116,上市公司
102188,西宁特钢,600117,上市公司
102189,中国卫星,600118,上市公司
102190,长江投资,600119,上市公司
102191,浙江东方,600120,上市公司
102192,郑州煤电,600121,上市公司
102193,宏图高科,600122,上市公司
102194,兰花科创,600123,上市公司
102195,铁龙物流,600125,上市公司
102196,杭钢股份,600126,上市公司
102197,金健米业,600127,上市公司
102198,弘业股份,600128,上市公司
102199,太极集团,600129,上市公司
102200,波导股份,600130,上市公司
102201,岷江水电,600131,上市公司
102202,重庆啤酒,600132,上市公司
102203,东湖高新,600133,上市公司
102204,乐凯胶片,600135,上市公司
102205,当代明诚,600136,上市公司
102206,浪莎股份,600137,上市公司
102207,西部资源,600139,上市公司
102208,兴发集团,600141,上市公司
102209,金发科技,600143,上市公司
102210,*ST新亿,600145,上市公司
102211,商赢环球,600146,上市公司
102212,长春一东,600148,上市公司
102213,*ST坊展,600149,上市公司
102214,*ST船舶,600150,上市公司
102215,航天机电,600151,上市公司
102216,维科精华,600152,上市公司
102217,建发股份,600153,上市公司
102218,宝硕股份,600155,上市公司
102219,华升股份,600156,上市公司
102220,永泰能源,600157,上市公司
102221,中体产业,600158,上市公司
102222,大龙地产,600159,上市公司
102223,巨化股份,600160,上市公司
102224,天坛生物,600161,上市公司
102225,香江控股,600162,上市公司
102226,中闽能源,600163,上市公司
102227,新日恒力,600165,上市公司
102228,福田汽车,600166,上市公司
102229,联美控股,600167,上市公司
102230,武汉控股,600168,上市公司
102231,太原重工,600169,上市公司
102232,上海建工,600170,上市公司
102233,上海贝岭,600171,上市公司
102234,黄河旋风,600172,上市公司
102235,卧龙地产,600173,上市公司
102236,美都能源,600175,上市公司
102237,中国巨石,600176,上市公司
102238,雅戈尔,600177,上市公司
102239,东安动力,600178,上市公司
102240,安通控股,600179,上市公司
102241,瑞茂通,600180,上市公司
102242,S佳通,600182,上市公司
102243,生益科技,600183,上市公司
102244,光电股份,600184,上市公司
102245,格力地产,600185,上市公司
102246,莲花健康,600186,上市公司
102247,国中水务,600187,上市公司
102248,兖州煤业,600188,上市公司
102249,吉林森工,600189,上市公司
102250,锦州港,600190,上市公司
102251,华资实业,600191,上市公司
102252,长城电工,600192,上市公司
102253,*ST创兴,600193,上市公司
102254,中牧股份,600195,上市公司
102255,复星医药,600196,上市公司
102256,伊力特,600197,上市公司
102257,*ST大唐,600198,上市公司
102258,金种子酒,600199,上市公司
102259,江苏吴中,600200,上市公司
102260,生物股份,600201,上市公司
102261,*ST哈空,600202,上市公司
102262,福日电子,600203,上市公司
102263,有研新材,600206,上市公司
102264,安彩高科,600207,上市公司
102265,新湖中宝,600208,上市公司
102266,*ST罗顿,600209,上市公司
102267,紫江企业,600210,上市公司
102268,西藏药业,600211,上市公司
102269,*ST江泉,600212,上市公司
102270,亚星客车,600213,上市公司
102271,长春经开,600215,上市公司
102272,浙江医药,600216,上市公司
102273,秦岭水泥,600217,上市公司
102274,全柴动力,600218,上市公司
102275,南山铝业,600219,上市公司
102276,江苏阳光,600220,上市公司
102277,海航控股,600221,上市公司
102278,太龙药业,600222,上市公司
102279,鲁商置业,600223,上市公司
102280,*ST松江,600225,上市公司
102281,瀚叶股份,600226,上市公司
102282,赤天化,600227,上市公司
102283,*ST昌九,600228,上市公司
102284,城市传媒,600229,上市公司
102285,沧州大化,600230,上市公司
102286,凌钢股份,600231,上市公司
102287,金鹰股份,600232,上市公司
102288,圆通速递,600233,上市公司
102289,ST山水,600234,上市公司
102290,民丰特纸,600235,上市公司
102291,桂冠电力,600236,上市公司
102292,铜峰电子,600237,上市公司
102293,*ST椰岛,600238,上市公司
102294,云南城投,600239,上市公司
102295,华业资本,600240,上市公司
102296,时代万恒,600241,上市公司
102297,中昌海运,600242,上市公司
102298,青海华鼎,600243,上市公司
102299,万通地产,600246,上市公司
102300,*ST成城,600247,上市公司
102301,延长化建,600248,上市公司
102302,两面针,600249,上市公司
102303,南纺股份,600250,上市公司
102304,冠农股份,600251,上市公司
102305,中恒集团,600252,上市公司
102306,梦舟股份,600255,上市公司
102307,广汇能源,600256,上市公司
102308,大湖股份,600257,上市公司
102309,首旅酒店,600258,上市公司
102310,广晟有色,600259,上市公司
102311,凯乐科技,600260,上市公司
102312,阳光照明,600261,上市公司
102313,北方股份,600262,上市公司
102314,ST景谷,600265,上市公司
102315,北京城建,600266,上市公司
102316,海正药业,600267,上市公司
102317,国电南自,600268,上市公司
102318,赣粤高速,600269,上市公司
102319,外运发展,600270,上市公司
102320,航天信息,600271,上市公司
102321,开开实业,600272,上市公司
102322,嘉化能源,600273,上市公司
102323,*ST昌鱼,600275,上市公司
102324,恒瑞医药,600276,上市公司
102325,亿利洁能,600277,上市公司
102326,东方创业,600278,上市公司
102327,重庆港九,600279,上市公司
102328,中央商场,600280,上市公司
102329,太化股份,600281,上市公司
102330,南钢股份,600282,上市公司
102331,钱江水利,600283,上市公司
102332,浦东建设,600284,上市公司
102333,羚锐制药,600285,上市公司
102334,江苏舜天,600287,上市公司
102335,大恒科技,600288,上市公司
102336,*ST信通,600289,上市公司
102337,华仪电气,600290,上市公司
102338,西水股份,600291,上市公司
102339,远达环保,600292,上市公司
102340,三峡新材,600293,上市公司
102341,鄂尔多斯,600295,上市公司
102342,广汇汽车,600297,上市公司
102343,安琪酵母,600298,上市公司
102344,安迪苏,600299,上市公司
102345,维维股份,600300,上市公司
102346,ST南化,600301,上市公司
102347,标准股份,600302,上市公司
102348,曙光股份,600303,上市公司
102349,恒顺醋业,600305,上市公司
102350,商业城,600306,上市公司
102351,酒钢宏兴,600307,上市公司
102352,华泰股份,600308,上市公司
102353,万华化学,600309,上市公司
102354,桂东电力,600310,上市公司
102355,荣华实业,600311,上市公司
102356,平高电气,600312,上市公司
102357,农发种业,600313,上市公司
102358,上海家化,600315,上市公司
102359,洪都航空,600316,上市公司
102360,营口港,600317,上市公司
102361,新力金融,600318,上市公司
102362,亚星化学,600319,上市公司
102363,振华重工,600320,上市公司
102364,正源股份,600321,上市公司
102365,天房发展,600322,上市公司
102366,瀚蓝环境,600323,上市公司
102367,华发股份,600325,上市公司
102368,西藏天路,600326,上市公司
102369,大东方,600327,上市公司
102370,兰太实业,600328,上市公司
102371,中新药业,600329,上市公司
102372,天通股份,600330,上市公司
102373,宏达股份,600331,上市公司
102374,白云山,600332,上市公司
102375,长春燃气,600333,上市公司
102376,国机汽车,600335,上市公司
102377,澳柯玛,600336,上市公司
102378,美克家居,600337,上市公司
102379,西藏珠峰,600338,上市公司
102380,中油工程,600339,上市公司
102381,华夏幸福,600340,上市公司
102382,航天动力,600343,上市公司
102383,长江通信,600345,上市公司
102384,恒力股份,600346,上市公司
102385,阳泉煤业,600348,上市公司
102386,山东高速,600350,上市公司
102387,亚宝药业,600351,上市公司
102388,浙江龙盛,600352,上市公司
102389,旭光股份,600353,上市公司
102390,敦煌种业,600354,上市公司
102391,精伦电子,600355,上市公司
102392,恒丰纸业,600356,上市公司
102393,国旅联合,600358,上市公司
102394,新农开发,600359,上市公司
102395,华微电子,600360,上市公司
102396,华联综超,600361,上市公司
102397,江西铜业,600362,上市公司
102398,联创光电,600363,上市公司
102399,通葡股份,600365,上市公司
102400,宁波韵升,600366,上市公司
102401,红星发展,600367,上市公司
102402,五洲交通,600368,上市公司
102403,西南证券,600369,上市公司
102404,三房巷,600370,上市公司
102405,万向德农,600371,上市公司
102406,中航电子,600372,上市公司
102407,中文传媒,600373,上市公司
102408,华菱星马,600375,上市公司
102409,首开股份,600376,上市公司
102410,宁沪高速,600377,上市公司
102411,天科股份,600378,上市公司
102412,宝光股份,600379,上市公司
102413,健康元,600380,上市公司
102414,青海春天,600381,上市公司
102415,广东明珠,600382,上市公司
102416,金地集团,600383,上市公司
102417,山东金泰,600385,上市公司
102418,北巴传媒,600386,上市公司
102419,海越股份,600387,上市公司
102420,龙净环保,600388,上市公司
102421,江山股份,600389,上市公司
102422,五矿资本,600390,上市公司
102423,航发科技,600391,上市公司
102424,盛和资源,600392,上市公司
102425,粤泰股份,600393,上市公司
102426,盘江股份,600395,上市公司
102427,金山股份,600396,上市公司
102428,*ST安煤,600397,上市公司
102429,海澜之家,600398,上市公司
102430,红豆股份,600400,上市公司
102431,*ST海润,600401,上市公司
102432,大有能源,600403,上市公司
102433,动力源,600405,上市公司
102434,国电南瑞,600406,上市公司
102435,*ST安泰,600408,上市公司
102436,三友化工,600409,上市公司
102437,华胜天成,600410,上市公司
102438,小商品城,600415,上市公司
102439,湘电股份,600416,上市公司
102440,江淮汽车,600418,上市公司
102441,天润乳业,600419,上市公司
102442,现代制药,600420,上市公司
102443,仰帆控股,600421,上市公司
102444,昆药集团,600422,上市公司
102445,*ST柳化,600423,上市公司
102446,青松建化,600425,上市公司
102447,华鲁恒升,600426,上市公司
102448,中远海特,600428,上市公司
102449,三元股份,600429,上市公司
102450,*ST吉恩,600432,上市公司
102451,冠豪高新,600433,上市公司
102452,北方导航,600435,上市公司
102453,片仔癀,600436,上市公司
102454,通威股份,600438,上市公司
102455,瑞贝卡,600439,上市公司
102456,国机通用,600444,上市公司
102457,金证股份,600446,上市公司
102458,华纺股份,600448,上市公司
102459,宁夏建材,600449,上市公司
102460,涪陵电力,600452,上市公司
102461,博通股份,600455,上市公司
102462,宝钛股份,600456,上市公司
102463,时代新材,600458,上市公司
102464,贵研铂业,600459,上市公司
102465,士兰微,600460,上市公司
102466,洪城水业,600461,上市公司
102467,九有股份,600462,上市公司
102468,空港股份,600463,上市公司
102469,蓝光发展,600466,上市公司
102470,好当家,600467,上市公司
102471,百利电气,600468,上市公司
102472,风神股份,600469,上市公司
102473,六国化工,600470,上市公司
102474,华光股份,600475,上市公司
102475,湘邮科技,600476,上市公司
102476,杭萧钢构,600477,上市公司
102477,科力远,600478,上市公司
102478,千金药业,600479,上市公司
102479,凌云股份,600480,上市公司
102480,双良节能,600481,上市公司
102481,中国动力,600482,上市公司
102482,福能股份,600483,上市公司
102483,信威集团,600485,上市公司
102484,扬农化工,600486,上市公司
102485,亨通光电,600487,上市公司
102486,天药股份,600488,上市公司
102487,中金黄金,600489,上市公司
102488,鹏欣资源,600490,上市公司
102489,龙元建设,600491,上市公司
102490,凤竹纺织,600493,上市公司
102491,晋西车轴,600495,上市公司
102492,精工钢构,600496,上市公司
102493,驰宏锌锗,600497,上市公司
102494,烽火通信,600498,上市公司
102495,科达洁能,600499,上市公司
102496,中化国际,600500,上市公司
102497,航天晨光,600501,上市公司
102498,安徽水利,600502,上市公司
102499,华丽家族,600503,上市公司
102500,西昌电力,600505,上市公司
102501,香梨股份,600506,上市公司
102502,方大特钢,600507,上市公司
102503,上海能源,600508,上市公司
102504,天富能源,600509,上市公司
102505,黑牡丹,600510,上市公司
102506,国药股份,600511,上市公司
102507,腾达建设,600512,上市公司
102508,联环药业,600513,上市公司
102509,海航基础,600515,上市公司
102510,方大炭素,600516,上市公司
102511,置信电气,600517,上市公司
102512,康美药业,600518,上市公司
102513,贵州茅台,600519,上市公司
102514,文一科技,600520,上市公司
102515,华海药业,600521,上市公司
102516,中天科技,600522,上市公司
102517,贵航股份,600523,上市公司
102518,长园集团,600525,上市公司
102519,菲达环保,600526,上市公司
102520,江南高纤,600527,上市公司
102521,中铁工业,600528,上市公司
102522,山东药玻,600529,上市公司
102523,交大昂立,600530,上市公司
102524,豫光金铅,600531,上市公司
102525,宏达矿业,600532,上市公司
102526,栖霞建设,600533,上市公司
102527,天士力,600535,上市公司
102528,中国软件,600536,上市公司
102529,亿晶光电,600537,上市公司
102530,国发股份,600538,上市公司
102531,*ST狮头,600539,上市公司
102532,新赛股份,600540,上市公司
102533,莫高股份,600543,上市公司
102534,卓郎智能,600545,上市公司
102535,山煤国际,600546,上市公司
102536,山东黄金,600547,上市公司
102537,深高速,600548,上市公司
102538,厦门钨业,600549,上市公司
102539,保变电气,600550,上市公司
102540,时代出版,600551,上市公司
102541,凯盛科技,600552,上市公司
102542,海航创新,600555,上市公司
102543,ST慧球,600556,上市公司
102544,康缘药业,600557,上市公司
102545,大西洋,600558,上市公司
102546,老白干酒,600559,上市公司
102547,金自天正,600560,上市公司
102548,江西长运,600561,上市公司
102549,国睿科技,600562,上市公司
102550,法拉电子,600563,上市公司
102551,迪马股份,600565,上市公司
102552,济川药业,600566,上市公司
102553,山鹰纸业,600567,上市公司
102554,中珠医疗,600568,上市公司
102555,安阳钢铁,600569,上市公司
102556,恒生电子,600570,上市公司
102557,信雅达,600571,上市公司
102558,康恩贝,600572,上市公司
102559,惠泉啤酒,600573,上市公司
102560,皖江物流,600575,上市公司
102561,祥源文化,600576,上市公司
102562,精达股份,600577,上市公司
102563,京能电力,600578,上市公司
102564,天华院,600579,上市公司
102565,卧龙电气,600580,上市公司
102566,八一钢铁,600581,上市公司
102567,天地科技,600582,上市公司
102568,海油工程,600583,上市公司
102569,长电科技,600584,上市公司
102570,海螺水泥,600585,上市公司
102571,金晶科技,600586,上市公司
102572,新华医疗,600587,上市公司
102573,用友网络,600588,上市公司
102574,广东榕泰,600589,上市公司
102575,泰豪科技,600590,上市公司
102576,龙溪股份,600592,上市公司
102577,大连圣亚,600593,上市公司
102578,益佰制药,600594,上市公司
102579,中孚实业,600595,上市公司
102580,新安股份,600596,上市公司
102581,光明乳业,600597,上市公司
102582,北大荒,600598,上市公司
102583,熊猫金控,600599,上市公司
102584,青岛啤酒,600600,上市公司
102585,方正科技,600601,上市公司
102586,云赛智联,600602,上市公司
102587,广汇物流,600603,上市公司
102588,市北高新,600604,上市公司
102589,汇通能源,600605,上市公司
102590,绿地控股,600606,上市公司
102591,ST沪科,600608,上市公司
102592,金杯汽车,600609,上市公司
102593,大众交通,600611,上市公司
102594,老凤祥,600612,上市公司
102595,神奇制药,600613,上市公司
102596,鹏起科技,600614,上市公司
102597,丰华股份,600615,上市公司
102598,金枫酒业,600616,上市公司
102599,国新能源,600617,上市公司
102600,氯碱化工,600618,上市公司
102601,海立股份,600619,上市公司
102602,天宸股份,600620,上市公司
102603,华鑫股份,600621,上市公司
102604,光大嘉宝,600622,上市公司
102605,华谊集团,600623,上市公司
102606,复旦复华,600624,上市公司
102607,申达股份,600626,上市公司
102608,新世界,600628,上市公司
102609,华建集团,600629,上市公司
102610,龙头股份,600630,上市公司
102611,浙数文化,600633,上市公司
102612,*ST富控,600634,上市公司
102613,大众公用,600635,上市公司
102614,三爱富,600636,上市公司
102615,东方明珠,600637,上市公司
102616,新黄浦,600638,上市公司
102617,浦东金桥,600639,上市公司
102618,号百控股,600640,上市公司
102619,万业企业,600641,上市公司
102620,申能股份,600642,上市公司
102621,爱建集团,600643,上市公司
102622,乐山电力,600644,上市公司
102623,中源协和,600645,上市公司
102624,同达创业,600647,上市公司
102625,外高桥,600648,上市公司
102626,城投控股,600649,上市公司
102627,锦江投资,600650,上市公司
102628,飞乐音响,600651,上市公司
102629,游久游戏,600652,上市公司
102630,申华控股,600653,上市公司
102631,*ST中安,600654,上市公司
102632,豫园股份,600655,上市公司
102633,信达地产,600657,上市公司
102634,电子城,600658,上市公司
102635,福耀玻璃,600660,上市公司
102636,新南洋,600661,上市公司
102637,强生控股,600662,上市公司
102638,陆家嘴,600663,上市公司
102639,哈药股份,600664,上市公司
102640,天地源,600665,上市公司
102641,奥瑞德,600666,上市公司
102642,太极实业,600667,上市公司
102643,尖峰集团,600668,上市公司
102644,天目药业,600671,上市公司
102645,东阳光科,600673,上市公司
102646,川投能源,600674,上市公司
102647,中华企业,600675,上市公司
102648,交运股份,600676,上市公司
102649,航天通信,600677,上市公司
102650,四川金顶,600678,上市公司
102651,上海凤凰,600679,上市公司
102652,*ST上普,600680,上市公司
102653,百川能源,600681,上市公司
102654,南京新百,600682,上市公司
102655,京投发展,600683,上市公司
102656,珠江实业,600684,上市公司
102657,中船防务,600685,上市公司
102658,金龙汽车,600686,上市公司
102659,刚泰控股,600687,上市公司
102660,上海石化,600688,上市公司
102661,上海三毛,600689,上市公司
102662,青岛海尔,600690,上市公司
102663,阳煤化工,600691,上市公司
102664,亚通股份,600692,上市公司
102665,东百集团,600693,上市公司
102666,大商股份,600694,上市公司
102667,绿庭投资,600695,上市公司
102668,ST匹凸,600696,上市公司
102669,欧亚集团,600697,上市公司
102670,湖南天雁,600698,上市公司
102671,均胜电子,600699,上市公司
102672,*ST工新,600701,上市公司
102673,舍得酒业,600702,上市公司
102674,三安光电,600703,上市公司
102675,物产中大,600704,上市公司
102676,中航资本,600705,上市公司
102677,曲江文旅,600706,上市公司
102678,彩虹股份,600707,上市公司
102679,光明地产,600708,上市公司
102680,苏美达,600710,上市公司
102681,盛屯矿业,600711,上市公司
102682,南宁百货,600712,上市公司
102683,南京医药,600713,上市公司
102684,金瑞矿业,600714,上市公司
102685,文投控股,600715,上市公司
102686,凤凰股份,600716,上市公司
102687,天津港,600717,上市公司
102688,东软集团,600718,上市公司
102689,大连热电,600719,上市公司
102690,祁连山,600720,上市公司
102691,百花村,600721,上市公司
102692,金牛化工,600722,上市公司
102693,首商股份,600723,上市公司
102694,宁波富达,600724,上市公司
102695,ST云维,600725,上市公司
102696,华电能源,600726,上市公司
102697,鲁北化工,600727,上市公司
102698,佳都科技,600728,上市公司
102699,重庆百货,600729,上市公司
102700,中国高科,600730,上市公司
102701,湖南海利,600731,上市公司
102702,ST新梅,600732,上市公司
102703,SST前锋,600733,上市公司
102704,实达集团,600734,上市公司
102705,新华锦,600735,上市公司
102706,苏州高新,600736,上市公司
102707,中粮糖业,600737,上市公司
102708,兰州民百,600738,上市公司
102709,辽宁成大,600739,上市公司
102710,山西焦化,600740,上市公司
102711,华域汽车,600741,上市公司
102712,一汽富维,600742,上市公司
102713,华远地产,600743,上市公司
102714,华银电力,600744,上市公司
102715,闻泰科技,600745,上市公司
102716,江苏索普,600746,上市公司
102717,*ST大控,600747,上市公司
102718,上实发展,600748,上市公司
102719,*ST藏旅,600749,上市公司
102720,江中药业,600750,上市公司
102721,天海投资,600751,上市公司
102722,东方银星,600753,上市公司
102723,锦江股份,600754,上市公司
102724,厦门国贸,600755,上市公司
102725,浪潮软件,600756,上市公司
102726,长江传媒,600757,上市公司
102727,红阳能源,600758,上市公司
102728,洲际油气,600759,上市公司
102729,中航沈飞,600760,上市公司
102730,安徽合力,600761,上市公司
102731,通策医疗,600763,上市公司
102732,中国海防,600764,上市公司
102733,中航重机,600765,上市公司
102734,园城黄金,600766,上市公司
102735,ST运盛,600767,上市公司
102736,宁波富邦,600768,上市公司
102737,祥龙电业,600769,上市公司
102738,综艺股份,600770,上市公司
102739,广誉远,600771,上市公司
102740,西藏城投,600773,上市公司
102741,汉商集团,600774,上市公司
102742,南京熊猫,600775,上市公司
102743,东方通信,600776,上市公司
102744,新潮能源,600777,上市公司
102745,*ST友好,600778,上市公司
102746,水井坊,600779,上市公司
102747,通宝能源,600780,上市公司
102748,辅仁药业,600781,上市公司
102749,新钢股份,600782,上市公司
102750,鲁信创投,600783,上市公司
102751,鲁银投资,600784,上市公司
102752,新华百货,600785,上市公司
102753,中储股份,600787,上市公司
102754,鲁抗医药,600789,上市公司
102755,轻纺城,600790,上市公司
102756,京能置业,600791,上市公司
102757,云煤能源,600792,上市公司
102758,宜宾纸业,600793,上市公司
102759,保税科技,600794,上市公司
102760,国电电力,600795,上市公司
102761,钱江生化,600796,上市公司
102762,浙大网新,600797,上市公司
102763,宁波海运,600798,上市公司
102764,天津磁卡,600800,上市公司
102765,华新水泥,600801,上市公司
102766,福建水泥,600802,上市公司
102767,新奥股份,600803,上市公司
102768,鹏博士,600804,上市公司
102769,悦达投资,600805,上市公司
102770,*ST昆机,600806,上市公司
102771,*ST天业,600807,上市公司
102772,马钢股份,600808,上市公司
102773,山西汾酒,600809,上市公司
102774,神马股份,600810,上市公司
102775,东方集团,600811,上市公司
102776,华北制药,600812,上市公司
102777,杭州解百,600814,上市公司
102778,*ST厦工,600815,上市公司
102779,安信信托,600816,上市公司
102780,*ST宏盛,600817,上市公司
102781,中路股份,600818,上市公司
102782,耀皮玻璃,600819,上市公司
102783,隧道股份,600820,上市公司
102784,津劝业,600821,上市公司
102785,上海物贸,600822,上市公司
102786,世茂股份,600823,上市公司
102787,益民集团,600824,上市公司
102788,新华传媒,600825,上市公司
102789,兰生股份,600826,上市公司
102790,百联股份,600827,上市公司
102791,茂业商业,600828,上市公司
102792,人民同泰,600829,上市公司
102793,香溢融通,600830,上市公司
102794,广电网络,600831,上市公司
102795,第一医药,600833,上市公司
102796,申通地铁,600834,上市公司
102797,上海机电,600835,上市公司
102798,界龙实业,600836,上市公司
102799,海通证券,600837,上市公司
102800,上海九百,600838,上市公司
102801,四川长虹,600839,上市公司
102802,上柴股份,600841,上市公司
102803,上工申贝,600843,上市公司
102804,丹化科技,600844,上市公司
102805,宝信软件,600845,上市公司
102806,同济科技,600846,上市公司
102807,*ST万里,600847,上市公司
102808,上海临港,600848,上市公司
102809,华东电脑,600850,上市公司
102810,海欣股份,600851,上市公司
102811,龙建股份,600853,上市公司
102812,春兰股份,600854,上市公司
102813,航天长峰,600855,上市公司
102814,中天能源,600856,上市公司
102815,宁波中百,600857,上市公司
102816,银座股份,600858,上市公司
102817,王府井,600859,上市公司
102818,京城股份,600860,上市公司
102819,北京城乡,600861,上市公司
102820,中航高科,600862,上市公司
102821,内蒙华电,600863,上市公司
102822,哈投股份,600864,上市公司
102823,百大集团,600865,上市公司
102824,星湖科技,600866,上市公司
102825,通化东宝,600867,上市公司
102826,梅雁吉祥,600868,上市公司
102827,智慧能源,600869,上市公司
102828,*ST厦华,600870,上市公司
102829,*ST油服,600871,上市公司
102830,中炬高新,600872,上市公司
102831,梅花生物,600873,上市公司
102832,创业环保,600874,上市公司
102833,东方电气,600875,上市公司
102834,洛阳玻璃,600876,上市公司
102835,ST嘉陵,600877,上市公司
102836,航天电子,600879,上市公司
102837,博瑞传播,600880,上市公司
102838,亚泰集团,600881,上市公司
102839,广泽股份,600882,上市公司
102840,博闻科技,600883,上市公司
102841,杉杉股份,600884,上市公司
102842,宏发股份,600885,上市公司
102843,国投电力,600886,上市公司
102844,伊利股份,600887,上市公司
102845,新疆众和,600888,上市公司
102846,南京化纤,600889,上市公司
102847,中房股份,600890,上市公司
102848,秋林集团,600891,上市公司
102849,大晟文化,600892,上市公司
102850,航发动力,600893,上市公司
102851,广日股份,600894,上市公司
102852,张江高科,600895,上市公司
102853,*ST海投,600896,上市公司
102854,厦门空港,600897,上市公司
102855,国美通讯,600898,上市公司
102856,长江电力,600900,上市公司
102857,无锡银行,600908,上市公司
102858,华安证券,600909,上市公司
102859,重庆燃气,600917,上市公司
102860,江苏银行,600919,上市公司
102861,杭州银行,600926,上市公司
102862,广西广电,600936,上市公司
102863,重庆建工,600939,上市公司
102864,东方证券,600958,上市公司
102865,江苏有线,600959,上市公司
102866,渤海活塞,600960,上市公司
102867,株冶集团,600961,上市公司
102868,国投中鲁,600962,上市公司
102869,岳阳林纸,600963,上市公司
102870,福成股份,600965,上市公司
102871,博汇纸业,600966,上市公司
102872,内蒙一机,600967,上市公司
102873,郴电国际,600969,上市公司
102874,中材国际,600970,上市公司
102875,恒源煤电,600971,上市公司
102876,宝胜股份,600973,上市公司
102877,新五丰,600975,上市公司
102878,健民集团,600976,上市公司
102879,中国电影,600977,上市公司
102880,宜华生活,600978,上市公司
102881,广安爱众,600979,上市公司
102882,北矿科技,600980,上市公司
102883,汇鸿集团,600981,上市公司
102884,宁波热电,600982,上市公司
102885,惠而浦,600983,上市公司
102886,建设机械,600984,上市公司
102887,雷鸣科化,600985,上市公司
102888,科达股份,600986,上市公司
102889,航民股份,600987,上市公司
102890,赤峰黄金,600988,上市公司
102891,四创电子,600990,上市公司
102892,贵绳股份,600992,上市公司
102893,马应龙,600993,上市公司
102894,文山电力,600995,上市公司
102895,贵广网络,600996,上市公司
102896,开滦股份,600997,上市公司
102897,九州通,600998,上市公司
102898,招商证券,600999,上市公司
102899,唐山港,601000,上市公司
102900,大同煤业,601001,上市公司
102901,晋亿实业,601002,上市公司
102902,柳钢股份,601003,上市公司
102903,重庆钢铁,601005,上市公司
102904,大秦铁路,601006,上市公司
102905,金陵饭店,601007,上市公司
102906,连云港,601008,上市公司
102907,南京银行,601009,上市公司
102908,文峰股份,601010,上市公司
102909,宝泰隆,601011,上市公司
102910,隆基股份,601012,上市公司
102911,陕西黑猫,601015,上市公司
102912,节能风电,601016,上市公司
102913,宁波港,601018,上市公司
102914,华钰矿业,601020,上市公司
102915,春秋航空,601021,上市公司
102916,玉龙股份,601028,上市公司
102917,一拖股份,601038,上市公司
102918,赛轮金宇,601058,上市公司
102919,西部黄金,601069,上市公司
102920,国芳集团,601086,上市公司
102921,中国神华,601088,上市公司
102922,中南传媒,601098,上市公司
102923,太平洋,601099,上市公司
102924,恒立液压,601100,上市公司
102925,昊华能源,601101,上市公司
102926,*ST一重,601106,上市公司
102927,四川成渝,601107,上市公司
102928,财通证券,601108,上市公司
102929,中国国航,601111,上市公司
102930,华鼎股份,601113,上市公司
102931,三江购物,601116,上市公司
102932,中国化学,601117,上市公司
102933,海南橡胶,601118,上市公司
102934,四方股份,601126,上市公司
102935,小康股份,601127,上市公司
102936,常熟银行,601128,上市公司
102937,博威合金,601137,上市公司
102938,深圳燃气,601139,上市公司
102939,新城控股,601155,上市公司
102940,重庆水务,601158,上市公司
102941,三角轮胎,601163,上市公司
102942,兴业银行,601166,上市公司
102943,西部矿业,601168,上市公司
102944,北京银行,601169,上市公司
102945,杭齿前进,601177,上市公司
102946,中国西电,601179,上市公司
102947,中国铁建,601186,上市公司
102948,龙江交通,601188,上市公司
102949,东兴证券,601198,上市公司
102950,江南水务,601199,上市公司
102951,上海环境,601200,上市公司
102952,东材科技,601208,上市公司
102953,国泰君安,601211,上市公司
102954,白银有色,601212,上市公司
102955,君正集团,601216,上市公司
102956,吉鑫科技,601218,上市公司
102957,林洋能源,601222,上市公司
102958,陕西煤业,601225,上市公司
102959,华电重工,601226,上市公司
102960,广州港,601228,上市公司
102961,上海银行,601229,上市公司
102962,环旭电子,601231,上市公司
102963,桐昆股份,601233,上市公司
102964,广汽集团,601238,上市公司
102965,庞大集团,601258,上市公司
102966,农业银行,601288,上市公司
102967,骆驼股份,601311,上市公司
102968,中国平安,601318,上市公司
102969,秦港股份,601326,上市公司
102970,交通银行,601328,上市公司
102971,广深铁路,601333,上市公司
102972,新华保险,601336,上市公司
102973,百隆东方,601339,上市公司
102974,三六零,601360,上市公司
102975,利群股份,601366,上市公司
102976,绿城水务,601368,上市公司
102977,陕鼓动力,601369,上市公司
102978,中原证券,601375,上市公司
102979,兴业证券,601377,上市公司
102980,怡球资源,601388,上市公司
102981,中国中铁,601390,上市公司
102982,工商银行,601398,上市公司
102983,通用股份,601500,上市公司
102984,东风股份,601515,上市公司
102985,吉林高速,601518,上市公司
102986,*ST智慧,601519,上市公司
102987,东吴证券,601555,上市公司
102988,*ST锐电,601558,上市公司
102989,九牧王,601566,上市公司
102990,三星医疗,601567,上市公司
102991,会稽山,601579,上市公司
102992,北辰实业,601588,上市公司
102993,上海电影,601595,上市公司
102994,鹿港文化,601599,上市公司
102995,中国铝业,601600,上市公司
102996,中国太保,601601,上市公司
102997,上海医药,601607,上市公司
102998,中信重工,601608,上市公司
102999,中国核建,601611,上市公司
103000,广电电气,601616,上市公司
103001,中国中冶,601618,上市公司
103002,嘉泽新能,601619,上市公司
103003,中国人寿,601628,上市公司
103004,长城汽车,601633,上市公司
103005,旗滨集团,601636,上市公司
103006,平煤股份,601666,上市公司
103007,中国建筑,601668,上市公司
103008,中国电建,601669,上市公司
103009,明泰铝业,601677,上市公司
103010,滨化股份,601678,上市公司
103011,华泰证券,601688,上市公司
103012,拓普集团,601689,上市公司
103013,潞安环能,601699,上市公司
103014,风范股份,601700,上市公司
103015,郑煤机,601717,上市公司
103016,际华集团,601718,上市公司
103017,上海电气,601727,上市公司
103018,中国中车,601766,上市公司
103019,力帆股份,601777,上市公司
103020,光大证券,601788,上市公司
103021,宁波建工,601789,上市公司
103022,*ST蓝科,601798,上市公司
103023,星宇股份,601799,上市公司
103024,中国交建,601800,上市公司
103025,皖新传媒,601801,上市公司
103026,中海油服,601808,上市公司
103027,新华文轩,601811,上市公司
103028,光大银行,601818,上市公司
103029,中国石油,601857,上市公司
103030,中国科传,601858,上市公司
103031,中远海发,601866,上市公司
103032,招商轮船,601872,上市公司
103033,正泰电器,601877,上市公司
103034,浙商证券,601878,上市公司
103035,大连港,601880,上市公司
103036,中国银河,601881,上市公司
103037,海天精工,601882,上市公司
103038,江河集团,601886,上市公司
103039,中国国旅,601888,上市公司
103040,亚星锚链,601890,上市公司
103041,中煤能源,601898,上市公司
103042,紫金矿业,601899,上市公司
103043,南方传媒,601900,上市公司
103044,方正证券,601901,上市公司
103045,京运通,601908,上市公司
103046,新集能源,601918,上市公司
103047,中远海控,601919,上市公司
103048,凤凰传媒,601928,上市公司
103049,吉视传媒,601929,上市公司
103050,永辉超市,601933,上市公司
103051,建设银行,601939,上市公司
103052,中国出版,601949,上市公司
103053,苏垦农发,601952,上市公司
103054,金钼股份,601958,上市公司
103055,中国汽研,601965,上市公司
103056,玲珑轮胎,601966,上市公司
103057,宝钢包装,601968,上市公司
103058,海南矿业,601969,上市公司
103059,中国核电,601985,上市公司
103060,中国银行,601988,上市公司
103061,中国重工,601989,上市公司
103062,大唐发电,601991,上市公司
103063,金隅集团,601992,上市公司
103064,丰林集团,601996,上市公司
103065,贵阳银行,601997,上市公司
103066,中信银行,601998,上市公司
103067,出版传媒,601999,上市公司
103068,人民网,603000,上市公司
103069,奥康国际,603001,上市公司
103070,宏昌电子,603002,上市公司
103071,龙宇燃油,603003,上市公司
103072,晶方科技,603005,上市公司
103073,联明股份,603006,上市公司
103074,花王股份,603007,上市公司
103075,喜临门,603008,上市公司
103076,北特科技,603009,上市公司
103077,万盛股份,603010,上市公司
103078,合锻智能,603011,上市公司
103079,创力集团,603012,上市公司
103080,弘讯科技,603015,上市公司
103081,新宏泰,603016,上市公司
103082,中衡设计,603017,上市公司
103083,设计股份,603018,上市公司
103084,中科曙光,603019,上市公司
103085,爱普股份,603020,上市公司
103086,山东华鹏,603021,上市公司
103087,新通联,603022,上市公司
103088,威帝股份,603023,上市公司
103089,大豪科技,603025,上市公司
103090,石大胜华,603026,上市公司
103091,千禾味业,603027,上市公司
103092,赛福天,603028,上市公司
103093,天鹅股份,603029,上市公司
103094,全筑股份,603030,上市公司
103095,安德利,603031,上市公司
103096,德新交运,603032,上市公司
103097,三维股份,603033,上市公司
103098,常熟汽饰,603035,上市公司
103099,如通股份,603036,上市公司
103100,凯众股份,603037,上市公司
103101,华立股份,603038,上市公司
103102,泛微网络,603039,上市公司
103103,新坐标,603040,上市公司
103104,美思德,603041,上市公司
103105,华脉科技,603042,上市公司
103106,广州酒家,603043,上市公司
103107,科林电气,603050,上市公司
103108,台华新材,603055,上市公司
103109,永吉股份,603058,上市公司
103110,国检集团,603060,上市公司
103111,禾望电气,603063,上市公司
103112,音飞储存,603066,上市公司
103113,振华股份,603067,上市公司
103114,海汽集团,603069,上市公司
103115,和邦生物,603077,上市公司
103116,江化微,603078,上市公司
103117,圣达生物,603079,上市公司
103118,大丰实业,603081,上市公司
103119,天成自控,603085,上市公司
103120,先达股份,603086,上市公司
103121,宁波精达,603088,上市公司
103122,正裕工业,603089,上市公司
103123,宏盛股份,603090,上市公司
103124,新经典,603096,上市公司
103125,森特股份,603098,上市公司
103126,长白山,603099,上市公司
103127,川仪股份,603100,上市公司
103128,汇嘉时代,603101,上市公司
103129,横店影视,603103,上市公司
103130,恒银金融,603106,上市公司
103131,润达医疗,603108,上市公司
103132,东方材料,603110,上市公司
103133,康尼机电,603111,上市公司
103134,金能科技,603113,上市公司
103135,红蜻蜓,603116,上市公司
103136,万林股份,603117,上市公司
103137,共进股份,603118,上市公司
103138,翠微股份,603123,上市公司
103139,中材节能,603126,上市公司
103140,昭衍新药,603127,上市公司
103141,华贸物流,603128,上市公司
103142,春风动力,603129,上市公司
103143,上海沪工,603131,上市公司
103144,碳元科技,603133,上市公司
103145,天目湖,603136,上市公司
103146,海量数据,603138,上市公司
103147,康惠制药,603139,上市公司
103148,拉夏贝尔,603157,上市公司
103149,腾龙股份,603158,上市公司
103150,上海亚虹,603159,上市公司
103151,汇顶科技,603160,上市公司
103152,荣晟环保,603165,上市公司
103153,福达股份,603166,上市公司
103154,渤海轮渡,603167,上市公司
103155,莎普爱思,603168,上市公司
103156,兰石重装,603169,上市公司
103157,德创环保,603177,上市公司
103158,圣龙股份,603178,上市公司
103159,新泉股份,603179,上市公司
103160,金牌厨柜,603180,上市公司
103161,皇马科技,603181,上市公司
103162,建研院,603183,上市公司
103163,华正新材,603186,上市公司
103164,亚邦股份,603188,上市公司
103165,网达软件,603189,上市公司
103166,日播时尚,603196,上市公司
103167,保隆科技,603197,上市公司
103168,迎驾贡酒,603198,上市公司
103169,九华旅游,603199,上市公司
103170,上海洗霸,603200,上市公司
103171,快克股份,603203,上市公司
103172,欧派股份,603208,上市公司
103173,日月股份,603218,上市公司
103174,济民制药,603222,上市公司
103175,恒通股份,603223,上市公司
103176,新凤鸣,603225,上市公司
103177,菲林格尔,603226,上市公司
103178,雪峰科技,603227,上市公司
103179,景旺电子,603228,上市公司
103180,奥翔药业,603229,上市公司
103181,格尔软件,603232,上市公司
103182,大参林,603233,上市公司
103183,诺邦股份,603238,上市公司
103184,浙江仙通,603239,上市公司
103185,电魂网络,603258,上市公司
103186,合盛硅业,603260,上市公司
103187,天龙股份,603266,上市公司
103188,松发股份,603268,上市公司
103189,海鸥股份,603269,上市公司
103190,银都股份,603277,上市公司
103191,日盈电子,603286,上市公司
103192,海天味业,603288,上市公司
103193,泰瑞机器,603289,上市公司
103194,杭叉集团,603298,上市公司
103195,井神股份,603299,上市公司
103196,华铁科技,603300,上市公司
103197,得邦照明,603303,上市公司
103198,旭升股份,603305,上市公司
103199,华懋科技,603306,上市公司
103200,应流股份,603308,上市公司
103201,维力医疗,603309,上市公司
103202,金海环境,603311,上市公司
103203,梦百合,603313,上市公司
103204,福鞍股份,603315,上市公司
103205,诚邦股份,603316,上市公司
103206,派思股份,603318,上市公司
103207,湘油泵,603319,上市公司
103208,迪贝电气,603320,上市公司
103209,梅轮电梯,603321,上市公司
103210,超讯通信,603322,上市公司
103211,吴江银行,603323,上市公司
103212,我乐家居,603326,上市公司
103213,依顿电子,603328,上市公司
103214,上海天洋,603330,上市公司
103215,百达精工,603331,上市公司
103216,明星电缆,603333,上市公司
103217,迪生力,603335,上市公司
103218,宏辉果蔬,603336,上市公司
103219,杰克股份,603337,上市公司
103220,浙江鼎力,603338,上市公司
103221,四方冷链,603339,上市公司
103222,安井食品,603345,上市公司
103223,莱克电气,603355,上市公司
103224,设计总院,603357,上市公司
103225,华达科技,603358,上市公司
103226,东珠景观,603359,上市公司
103227,百傲化学,603360,上市公司
103228,傲农生物,603363,上市公司
103229,日出东方,603366,上市公司
103230,辰欣药业,603367,上市公司
103231,柳州医药,603368,上市公司
103232,今世缘,603369,上市公司
103233,东方时尚,603377,上市公司
103234,亚士创能,603378,上市公司
103235,易德龙,603380,上市公司
103236,顶点软件,603383,上市公司
103237,惠达卫浴,603385,上市公司
103238,广东骏亚,603386,上市公司
103239,基蛋生物,603387,上市公司
103240,元成股份,603388,上市公司
103241,亚振家居,603389,上市公司
103242,新天然气,603393,上市公司
103243,金辰股份,603396,上市公司
103244,邦宝益智,603398,上市公司
103245,吉翔股份,603399,上市公司
103246,信捷电气,603416,上市公司
103247,鼎信通讯,603421,上市公司
103248,集友股份,603429,上市公司
103249,吉比特,603444,上市公司
103250,九洲药业,603456,上市公司
103251,勘设股份,603458,上市公司
103252,风语筑,603466,上市公司
103253,展鹏科技,603488,上市公司
103254,恒为科技,603496,上市公司
103255,翔港科技,603499,上市公司
103256,祥和实业,603500,上市公司
103257,韦尔股份,603501,上市公司
103258,金石资源,603505,上市公司
103259,振江股份,603507,上市公司
103260,思维列控,603508,上市公司
103261,欧普照明,603515,上市公司
103262,绝味食品,603517,上市公司
103263,维格娜丝,603518,上市公司
103264,立霸股份,603519,上市公司
103265,司太立,603520,上市公司
103266,众源新材,603527,上市公司
103267,多伦科技,603528,上市公司
103268,掌阅科技,603533,上市公司
103269,嘉诚国际,603535,上市公司
103270,惠发股份,603536,上市公司
103271,美诺华,603538,上市公司
103272,贵人鸟,603555,上市公司
103273,海兴电力,603556,上市公司
103274,起步股份,603557,上市公司
103275,健盛集团,603558,上市公司
103276,中通国脉,603559,上市公司
103277,普莱柯,603566,上市公司
103278,珍宝岛,603567,上市公司
103279,伟明环保,603568,上市公司
103280,长久物流,603569,上市公司
103281,汇金通,603577,上市公司
103282,三星新材,603578,上市公司
103283,荣泰健康,603579,上市公司
103284,艾艾精工,603580,上市公司
103285,苏利股份,603585,上市公司
103286,金麒麟,603586,上市公司
103287,高能环境,603588,上市公司
103288,口子窖,603589,上市公司
103289,东尼电子,603595,上市公司
103290,引力传媒,603598,上市公司
103291,广信股份,603599,上市公司
103292,永艺股份,603600,上市公司
103293,再升科技,603601,上市公司
103294,纵横通信,603602,上市公司
103295,博天环境,603603,上市公司
103296,东方电缆,603606,上市公司
103297,京华激光,603607,上市公司
103298,天创时尚,603608,上市公司
103299,禾丰牧业,603609,上市公司
103300,诺力股份,603611,上市公司
103301,索通发展,603612,上市公司
103302,茶花股份,603615,上市公司
103303,韩建河山,603616,上市公司
103304,君禾股份,603617,上市公司
103305,杭电股份,603618,上市公司
103306,科森科技,603626,上市公司
103307,清源股份,603628,上市公司
103308,拉芳家化,603630,上市公司
103309,徕木股份,603633,上市公司
103310,南威软件,603636,上市公司
103311,镇海股份,603637,上市公司
103312,艾迪精密,603638,上市公司
103313,海利尔,603639,上市公司
103314,畅联股份,603648,上市公司
103315,泰禾光电,603656,上市公司
103316,安图生物,603658,上市公司
103317,璞泰来,603659,上市公司
103318,苏州科达,603660,上市公司
103319,三祥新材,603663,上市公司
103320,康隆达,603665,上市公司
103321,五洲新春,603667,上市公司
103322,天马科技,603668,上市公司
103323,灵康药业,603669,上市公司
103324,卫信康,603676,上市公司
103325,奇精机械,603677,上市公司
103326,火炬电子,603678,上市公司
103327,华体科技,603679,上市公司
103328,晶华新材,603683,上市公司
103329,龙马环卫,603686,上市公司
103330,石英股份,603688,上市公司
103331,皖天然气,603689,上市公司
103332,至纯科技,603690,上市公司
103333,安记食品,603696,上市公司
103334,航天工程,603698,上市公司
103335,纽威股份,603699,上市公司
103336,德宏股份,603701,上市公司
103337,盛洋科技,603703,上市公司
103338,健友股份,603707,上市公司
103339,家家悦,603708,上市公司
103340,塞力斯,603716,上市公司
103341,天域生态,603717,上市公司
103342,海利生物,603718,上市公司
103343,中广天择,603721,上市公司
103344,阿科力,603722,上市公司
103345,天安新材,603725,上市公司
103346,朗迪集团,603726,上市公司
103347,博迈科,603727,上市公司
103348,鸣志电器,603728,上市公司
103349,龙韵股份,603729,上市公司
103350,岱美股份,603730,上市公司
103351,三棵树,603737,上市公司
103352,泰晶科技,603738,上市公司
103353,大元泵业,603757,上市公司
103354,秦安股份,603758,上市公司
103355,隆鑫通用,603766,上市公司
103356,中马传动,603767,上市公司
103357,常青股份,603768,上市公司
103358,永安行,603776,上市公司
103359,来伊份,603777,上市公司
103360,乾景园林,603778,上市公司
103361,威龙股份,603779,上市公司
103362,新日股份,603787,上市公司
103363,宁波高发,603788,上市公司
103364,星光农机,603789,上市公司
103365,联泰环保,603797,上市公司
103366,康普顿,603798,上市公司
103367,华友钴业,603799,上市公司
103368,道森股份,603800,上市公司
103369,志邦股份,603801,上市公司
103370,瑞斯康达,603803,上市公司
103371,福斯特,603806,上市公司
103372,歌力思,603808,上市公司
103373,诚意药业,603811,上市公司
103374,原尚股份,603813,上市公司
103375,顾家家居,603816,上市公司
103376,海峡环保,603817,上市公司
103377,曲美家居,603818,上市公司
103378,神力股份,603819,上市公司
103379,嘉澳环保,603822,上市公司
103380,百合花,603823,上市公司
103381,华扬联众,603825,上市公司
103382,坤彩科技,603826,上市公司
103383,柯利达,603828,上市公司
103384,洛凯股份,603829,上市公司
103385,欧派家居,603833,上市公司
103386,四通股份,603838,上市公司
103387,安正时尚,603839,上市公司
103388,正平股份,603843,上市公司
103389,华荣股份,603855,上市公司
103390,东宏股份,603856,上市公司
103391,步长制药,603858,上市公司
103392,能科股份,603859,上市公司
103393,中公高科,603860,上市公司
103394,白云电器,603861,上市公司
103395,桃李面包,603866,上市公司
103396,飞科电器,603868,上市公司
103397,北部湾旅,603869,上市公司
103398,太平鸟,603877,上市公司
103399,武进不锈,603878,上市公司
103400,永悦科技,603879,上市公司
103401,南卫股份,603880,上市公司
103402,数据港,603881,上市公司
103403,金域医学,603882,上市公司
103404,老百姓,603883,上市公司
103405,吉祥航空,603885,上市公司
103406,元祖股份,603886,上市公司
103407,城地股份,603887,上市公司
103408,新华网,603888,上市公司
103409,新澳股份,603889,上市公司
103410,寿仙谷,603896,上市公司
103411,好莱客,603898,上市公司
103412,晨光文具,603899,上市公司
103413,莱绅通灵,603900,上市公司
103414,永创智能,603901,上市公司
103415,中持股份,603903,上市公司
103416,龙蟠科技,603906,上市公司
103417,牧高笛,603908,上市公司
103418,合诚股份,603909,上市公司
103419,佳力图,603912,上市公司
103420,金桥信息,603918,上市公司
103421,金徽酒,603919,上市公司
103422,世运电路,603920,上市公司
103423,金鸿顺,603922,上市公司
103424,铁流股份,603926,上市公司
103425,兴业股份,603928,上市公司
103426,亚翔集成,603929,上市公司
103427,睿能科技,603933,上市公司
103428,博敏电子,603936,上市公司
103429,丽岛新材,603937,上市公司
103430,三孚股份,603938,上市公司
103431,益丰药房,603939,上市公司
103432,大千生态,603955,上市公司
103433,哈森股份,603958,上市公司
103434,百利科技,603959,上市公司
103435,克来机电,603960,上市公司
103436,大理药业,603963,上市公司
103437,法兰泰克,603966,上市公司
103438,醋化股份,603968,上市公司
103439,银龙股份,603969,上市公司
103440,正川股份,603976,上市公司
103441,国泰集团,603977,上市公司
103442,深圳新星,603978,上市公司
103443,金诚信,603979,上市公司
103444,吉华集团,603980,上市公司
103445,恒润股份,603985,上市公司
103446,兆易创新,603986,上市公司
103447,康德莱,603987,上市公司
103448,中电电机,603988,上市公司
103449,艾华集团,603989,上市公司
103450,麦迪科技,603990,上市公司
103451,至正股份,603991,上市公司
103452,洛阳钼业,603993,上市公司
103453,中新科技,603996,上市公司
103454,继峰股份,603997,上市公司
103455,方盛制药,603998,上市公司
103456,读者传媒,603999,上市公司
103457,云赛B股,900901,上市公司
103458,市北B股,900902,上市公司
103459,大众B股,900903,上市公司
103460,神奇B股,900904,上市公司
103461,老凤祥B,900905,上市公司
103462,鹏起B股,900907,上市公司
103463,氯碱B股,900908,上市公司
103464,华谊B股,900909,上市公司
103465,海立B股,900910,上市公司
103466,金桥B股,900911,上市公司
103467,外高B股,900912,上市公司
103468,国新B股,900913,上市公司
103469,锦投B股,900914,上市公司
103470,中路B股,900915,上市公司
103471,凤凰B股,900916,上市公司
103472,海欣B股,900917,上市公司
103473,耀皮B股,900918,上市公司
103474,绿庭B股,900919,上市公司
103475,上柴B股,900920,上市公司
103476,丹科B股,900921,上市公司
103477,三毛B股,900922,上市公司
103478,百联B股,900923,上市公司
103479,上工B股,900924,上市公司
103480,机电B股,900925,上市公司
103481,宝信B,900926,上市公司
103482,物贸B股,900927,上市公司
103483,临港B股,900928,上市公司
103484,锦旅B股,900929,上市公司
103485,*ST沪普B,900930,上市公司
103486,陆家B股,900932,上市公司
103487,华新B股,900933,上市公司
103488,锦江B股,900934,上市公司
103489,鄂资B股,900936,上市公司
103490,华电B股,900937,上市公司
103491,天海B,900938,上市公司
103492,汇丽B,900939,上市公司
103493,大名城B,900940,上市公司
103494,东信B股,900941,上市公司
103495,黄山B股,900942,上市公司
103496,开开B股,900943,上市公司
103497,海控B股,900945,上市公司
103498,天雁B股,900946,上市公司
103499,振华B股,900947,上市公司
103500,伊泰B股,900948,上市公司
103501,*ST大化B,900951,上市公司
103502,锦港B股,900952,上市公司
103503,凯马B,900953,上市公司
103504,海创B股,900955,上市公司
103505,东贝B股,900956,上市公司
103506,凌云B股,900957,上市公司
